recency_days,frequency,monetary,tenure_days,avg_order_value,favorites_count,churn
40.56,9.0,2479.56,496.77,275.51,5.0,0
33.62,7.0,1430.7,347.91,204.39,5.0,0
167.16,3.0,1075.29,397.8,358.43,2.0,1
143.38,0.0,0.0,294.44,0.0,3.0,1
18.03,9.0,2922.7,227.08,324.74,4.0,0
124.53,3.0,736.93,310.54,245.64,1.0,1
23.41,7.0,2211.86,215.41,315.98,2.0,0
33.69,9.0,2326.12,605.27,258.46,6.0,0
207.96,1.0,411.7,418.53,411.7,0.0,1
31.27,7.0,2128.66,45.19,304.09,4.0,0
193.3,2.0,258.56,209.65,129.28,1.0,1
10.5,7.0,1547.48,358.89,221.07,6.0,0
78.72,0.0,0.0,560.9,0.0,5.0,1
59.47,7.0,1396.32,198.94,199.47,2.0,0
26.81,4.0,999.72,233.28,249.93,4.0,0
11.08,9.0,1641.65,391.49,182.41,1.0,0
66.83,4.0,857.53,545.88,214.38,1.0,1
0.0,11.0,3418.14,309.76,310.74,3.0,0
0.0,5.0,1150.1,399.83,230.02,1.0,0
81.28,7.0,2710.42,198.14,387.2,3.0,0
186.37,1.0,270.69,321.17,270.69,4.0,1
0.0,9.0,2991.95,560.01,332.44,4.0,0
48.42,12.0,3287.69,129.19,273.97,2.0,0
37.18,10.0,4128.35,127.76,412.84,7.0,0
32.67,9.0,3214.0,564.34,357.11,8.0,0
51.19,6.0,1829.19,443.63,304.87,4.0,0
175.1,3.0,983.12,399.38,327.71,3.0,1
149.84,0.0,0.0,305.94,0.0,0.0,1
41.59,1.0,254.36,477.42,254.36,4.0,0
52.07,5.0,1761.61,311.3,352.32,4.0,0
12.9,6.0,1494.9,563.1,249.15,6.0,0
28.2,8.0,747.45,126.56,93.43,5.0,0
125.34,0.0,0.0,220.69,0.0,1.0,1
9.41,14.0,5287.46,464.84,377.68,3.0,0
90.29,1.0,249.8,90.29,249.8,0.0,1
34.3,9.0,2799.16,483.62,311.02,3.0,0
184.89,0.0,0.0,575.57,0.0,4.0,1
146.57,0.0,0.0,310.73,0.0,1.0,1
61.71,1.0,383.3,284.18,383.3,0.0,1
4.83,7.0,1175.98,210.16,168.0,8.0,0
21.81,7.0,1393.19,404.31,199.03,4.0,0
0.0,17.0,5129.74,486.89,301.75,2.0,0
35.76,8.0,3284.85,272.9,410.61,7.0,0
14.33,3.0,756.17,74.47,252.06,6.0,0
140.84,1.0,342.93,140.84,342.93,0.0,1
58.36,10.0,2017.86,412.91,201.79,1.0,0
30.45,12.0,3813.8,722.39,317.82,3.0,0
20.08,13.0,925.18,247.64,71.17,2.0,0
127.75,2.0,748.85,356.46,374.43,0.0,1
39.03,4.0,682.28,333.4,170.57,1.0,0
140.5,3.0,590.82,140.5,196.94,0.0,1
84.02,2.0,526.22,447.31,263.11,1.0,1
0.0,2.0,883.57,504.63,441.79,5.0,0
125.04,2.0,764.49,632.78,382.25,1.0,1
0.0,7.0,3019.54,173.02,431.36,1.0,0
0.0,7.0,3092.46,353.04,441.78,0.0,0
35.22,7.0,2627.31,514.36,375.33,2.0,0
13.44,11.0,3321.66,304.7,301.97,3.0,0
47.5,1.0,112.43,47.5,112.43,2.0,1
53.55,10.0,2832.02,650.76,283.2,1.0,0
30.57,10.0,3399.92,74.45,339.99,2.0,0
137.08,0.0,0.0,489.65,0.0,1.0,1
81.21,2.0,207.45,81.21,103.72,2.0,1
151.28,2.0,784.09,408.34,392.05,3.0,1
45.99,6.0,2537.67,342.88,422.94,5.0,0
36.11,6.0,1508.33,82.88,251.39,6.0,0
57.95,10.0,3579.37,506.04,357.94,3.0,0
34.55,10.0,2364.37,570.58,236.44,1.0,0
0.0,6.0,1698.69,503.65,283.12,1.0,0
87.92,3.0,959.83,152.47,319.94,1.0,1
15.34,9.0,2618.15,480.02,290.91,5.0,0
38.4,6.0,2458.84,179.78,409.81,2.0,0
31.8,6.0,2244.59,364.31,374.1,6.0,0
44.48,9.0,1514.18,430.63,168.24,6.0,0
15.87,9.0,2888.57,204.21,320.95,2.0,0
51.38,6.0,1713.43,429.89,285.57,4.0,0
56.58,11.0,1993.64,442.95,181.24,5.0,0
17.77,10.0,2125.17,365.47,212.52,2.0,0
19.74,6.0,1632.05,370.58,272.01,4.0,0
17.32,6.0,2056.82,280.78,342.8,4.0,0
80.65,3.0,574.01,138.9,191.34,1.0,1
22.66,5.0,805.78,427.62,161.16,5.0,0
0.0,2.0,912.89,655.07,456.44,7.0,0
87.09,1.0,317.82,292.07,317.82,0.0,1
96.02,2.0,719.62,409.63,359.81,0.0,1
30.0,2.0,344.84,30.0,172.42,0.0,1
2.54,10.0,3356.37,450.58,335.64,6.0,0
113.45,2.0,234.61,303.18,117.31,1.0,1
215.84,1.0,223.44,256.19,223.44,1.0,1
115.89,1.0,239.76,484.37,239.76,1.0,1
13.01,10.0,846.45,544.04,84.65,2.0,0
41.48,5.0,1780.47,403.65,356.09,3.0,0
0.0,11.0,4897.86,449.82,445.26,4.0,0
101.97,2.0,601.18,130.57,300.59,1.0,1
42.53,5.0,1303.79,771.61,260.76,4.0,0
10.35,5.0,818.65,449.34,163.73,2.0,0
235.65,0.0,0.0,308.57,0.0,0.0,1
2.46,7.0,2310.33,419.68,330.05,7.0,0
31.73,9.0,1004.31,434.33,111.59,3.0,0
15.17,6.0,2884.06,302.17,480.68,5.0,0
53.02,9.0,1767.52,324.36,196.39,5.0,0
118.0,2.0,624.91,265.31,312.45,2.0,1
35.2,7.0,1503.5,509.44,214.79,7.0,0
75.68,2.0,579.71,99.86,289.86,1.0,1
244.8,3.0,961.49,620.88,320.5,1.0,1
24.55,8.0,1411.94,413.42,176.49,3.0,0
24.14,7.0,2524.23,447.22,360.6,2.0,0
74.82,1.0,165.88,74.82,165.88,1.0,1
37.35,6.0,2084.58,221.09,347.43,4.0,0
0.0,11.0,3843.82,255.71,349.44,4.0,0
39.59,8.0,2980.72,369.41,372.59,6.0,0
22.61,4.0,620.88,296.67,155.22,3.0,0
18.75,11.0,3157.81,358.61,287.07,6.0,0
25.93,5.0,851.06,526.68,170.21,6.0,0
0.0,12.0,2943.52,445.44,245.29,6.0,0
30.64,12.0,2575.9,419.68,214.66,7.0,0
88.73,0.0,0.0,269.07,0.0,1.0,1
129.12,1.0,155.62,129.12,155.62,1.0,1
2.44,6.0,1366.28,340.41,227.71,7.0,0
89.37,1.0,159.55,455.94,159.55,2.0,1
106.86,0.0,0.0,379.64,0.0,1.0,1
17.23,12.0,2828.91,412.07,235.74,5.0,0
111.72,2.0,867.79,459.32,433.89,0.0,1
41.84,8.0,3046.04,620.91,380.75,6.0,0
31.03,11.0,2782.24,406.08,252.93,2.0,0
33.85,5.0,521.23,509.11,104.25,6.0,0
148.51,1.0,90.31,325.88,90.31,3.0,1
26.76,12.0,1742.84,496.84,145.24,5.0,0
29.63,5.0,1088.63,436.27,217.73,1.0,0
70.15,1.0,372.17,576.88,372.17,1.0,1
42.44,4.0,1380.95,121.09,345.24,7.0,0
39.61,1.0,328.86,130.82,328.86,2.0,1
126.68,2.0,641.54,132.35,320.77,0.0,1
170.15,2.0,351.04,457.87,175.52,0.0,1
1.0,5.0,1257.22,518.8,251.44,2.0,1
0.0,9.0,1487.56,244.76,165.28,7.0,0
49.86,2.0,920.17,234.32,460.08,1.0,1
20.28,11.0,2653.85,351.71,241.26,2.0,0
29.35,6.0,1255.57,327.19,209.26,4.0,0
99.69,1.0,329.08,423.61,329.08,0.0,1
155.19,2.0,638.12,265.12,319.06,3.0,1
84.45,2.0,879.89,175.32,439.94,1.0,1
30.0,5.0,1492.43,30.0,298.49,7.0,0
15.75,5.0,2262.4,464.01,452.48,3.0,0
48.18,7.0,1580.29,93.47,225.76,4.0,0
35.61,7.0,714.02,153.96,102.0,1.0,0
111.32,0.0,0.0,359.83,0.0,0.0,1
160.36,1.0,294.26,191.95,294.26,0.0,1
55.87,13.0,3040.89,323.05,233.91,3.0,0
28.97,5.0,1419.9,448.27,283.98,5.0,0
17.44,8.0,3146.56,412.86,393.32,4.0,0
159.71,1.0,364.29,223.6,364.29,1.0,1
176.57,1.0,300.19,203.66,300.19,0.0,1
173.87,1.0,397.1,223.41,397.1,1.0,1
0.67,8.0,1971.15,455.45,246.39,3.0,0
89.88,1.0,460.98,294.74,460.98,2.0,1
21.39,5.0,1886.39,455.72,377.28,5.0,0
25.28,8.0,2657.08,387.64,332.13,9.0,0
24.22,6.0,1344.92,438.84,224.15,6.0,0
48.31,1.0,377.61,402.0,377.61,6.0,0
20.71,6.0,2020.89,201.43,336.81,2.0,0
234.31,2.0,562.4,550.29,281.2,1.0,1
47.83,7.0,1487.5,750.88,212.5,3.0,0
115.49,0.0,0.0,299.8,0.0,1.0,1
19.23,10.0,2810.54,536.04,281.05,4.0,0
29.03,0.0,0.0,514.95,0.0,1.0,1
15.17,2.0,525.79,586.92,262.89,4.0,0
180.59,0.0,0.0,261.23,0.0,1.0,1
149.88,3.0,927.48,387.51,309.16,1.0,1
266.6,4.0,980.4,532.91,245.1,0.0,1
128.08,1.0,60.47,311.8,60.47,1.0,1
63.36,4.0,898.93,467.61,224.73,0.0,1
21.33,9.0,2755.49,117.88,306.17,8.0,0
0.0,10.0,3820.41,380.14,382.04,3.0,0
63.89,2.0,578.45,212.25,289.23,0.0,1
39.79,9.0,3142.86,296.29,349.21,2.0,0
0.0,8.0,1682.66,259.59,210.33,3.0,0
140.81,1.0,332.58,414.16,332.58,1.0,1
22.71,9.0,3180.41,364.66,353.38,4.0,0
36.12,1.0,230.67,36.12,230.67,1.0,1
49.35,3.0,898.38,621.02,299.46,5.0,0
35.87,8.0,2189.59,467.36,273.7,2.0,0
7.69,8.0,2806.99,316.92,350.87,4.0,0
22.84,5.0,2070.56,580.25,414.11,5.0,0
54.47,10.0,1908.0,570.85,190.8,5.0,0
14.12,17.0,4459.36,216.07,262.32,4.0,0
109.85,2.0,558.64,263.15,279.32,1.0,1
26.8,11.0,3737.65,332.91,339.79,7.0,0
0.0,10.0,2638.05,222.42,263.81,4.0,0
11.89,8.0,3367.36,419.82,420.92,4.0,0
0.0,7.0,1153.92,78.54,164.85,1.0,0
159.66,5.0,1775.92,198.19,355.18,1.0,1
26.35,10.0,2958.13,202.09,295.81,2.0,0
148.98,0.0,0.0,339.57,0.0,2.0,1
37.95,11.0,4115.59,539.01,374.14,2.0,0
177.49,0.0,0.0,305.95,0.0,0.0,1
14.16,10.0,2652.61,328.35,265.26,6.0,0
116.81,1.0,220.5,590.68,220.5,1.0,1
22.83,7.0,1796.44,268.47,256.63,7.0,0
145.44,2.0,312.31,406.75,156.16,1.0,1
113.31,1.0,148.38,284.71,148.38,0.0,1
25.18,5.0,1836.72,512.1,367.34,5.0,0
39.64,8.0,3270.26,341.73,408.78,5.0,0
27.52,3.0,1666.07,247.49,555.36,3.0,0
27.34,8.0,2883.54,410.84,360.44,4.0,0
11.74,9.0,3174.92,235.58,352.77,3.0,0
113.15,1.0,281.8,536.39,281.8,1.0,1
4.6,8.0,1775.99,174.06,222.0,2.0,0
0.0,9.0,2539.8,554.77,282.2,4.0,0
176.3,3.0,760.47,478.23,253.49,1.0,1
25.57,9.0,2476.82,519.21,275.2,4.0,0
133.75,5.0,2095.35,351.54,419.07,1.0,1
23.82,9.0,3183.75,714.65,353.75,3.0,0
41.32,5.0,2461.9,475.94,492.38,1.0,1
9.76,12.0,1893.08,475.36,157.76,2.0,0
22.62,11.0,3597.62,437.8,327.06,3.0,0
93.29,1.0,177.55,297.32,177.55,1.0,1
19.2,6.0,1792.19,493.86,298.7,4.0,0
0.0,3.0,901.95,198.68,300.65,2.0,0
188.47,4.0,1777.44,247.38,444.36,2.0,1
25.89,8.0,3403.51,547.32,425.44,4.0,0
8.52,3.0,990.29,401.4,330.1,4.0,0
14.47,6.0,3317.15,336.61,552.86,4.0,0
158.62,1.0,198.19,405.57,198.19,3.0,1
260.27,2.0,550.72,260.27,275.36,1.0,1
38.77,8.0,1161.41,216.94,145.18,7.0,0
71.6,1.0,157.42,311.4,157.42,1.0,1
144.31,0.0,0.0,523.78,0.0,1.0,1
31.41,9.0,2470.17,371.18,274.46,1.0,0
30.1,10.0,2396.01,147.09,239.6,5.0,0
47.27,7.0,2172.28,437.77,310.33,2.0,0
12.05,8.0,3400.58,414.58,425.07,4.0,0
0.0,8.0,1688.25,48.51,211.03,1.0,0
15.11,11.0,2643.03,355.86,240.28,3.0,0
213.66,3.0,720.15,213.66,240.05,2.0,1
11.6,5.0,1474.48,318.03,294.9,2.0,0
140.95,5.0,1425.29,305.38,285.06,1.0,1
58.75,5.0,987.33,445.9,197.47,4.0,0
23.88,9.0,2544.31,172.72,282.7,3.0,0
63.19,2.0,672.54,273.76,336.27,2.0,1
33.52,6.0,1995.24,207.94,332.54,6.0,0
24.19,16.0,4676.71,506.66,292.29,6.0,0
5.43,2.0,578.03,267.29,289.01,11.0,0
16.57,6.0,2060.26,127.8,343.38,2.0,0
0.0,9.0,3407.37,319.52,378.6,6.0,0
0.75,15.0,5657.08,515.52,377.14,4.0,0
12.49,12.0,4069.36,366.89,339.11,6.0,0
6.59,2.0,795.26,336.99,397.63,5.0,0
123.25,2.0,532.27,417.8,266.13,2.0,1
45.68,7.0,1439.4,452.18,205.63,4.0,0
186.45,2.0,648.31,186.45,324.15,1.0,1
158.16,1.0,109.19,273.74,109.19,1.0,1
4.53,8.0,1968.85,432.22,246.11,5.0,0
0.0,5.0,2060.64,117.83,412.13,2.0,0
0.0,4.0,1238.18,325.17,309.55,3.0,0
53.46,23.0,7730.21,472.86,336.1,5.0,0
21.62,7.0,2291.82,438.18,327.4,4.0,0
87.64,2.0,574.34,261.96,287.17,0.0,1
161.37,5.0,1361.48,472.75,272.3,1.0,1
10.18,8.0,2669.8,338.21,333.73,2.0,0
7.79,5.0,1526.38,433.29,305.28,1.0,0
10.28,8.0,1755.46,596.67,219.43,5.0,0
114.99,2.0,722.0,114.99,361.0,1.0,1
0.0,11.0,4238.05,355.24,385.28,3.0,0
72.81,3.0,1134.43,446.91,378.14,0.0,1
61.5,7.0,1649.49,632.18,235.64,2.0,0
10.03,10.0,3040.79,425.51,304.08,6.0,0
19.88,13.0,2733.52,338.33,210.27,5.0,0
62.01,7.0,2332.4,243.37,333.2,4.0,0
144.58,1.0,280.93,192.63,280.93,0.0,1
54.21,4.0,1322.63,412.26,330.66,2.0,1
79.4,1.0,178.91,425.26,178.91,0.0,1
115.57,1.0,391.22,413.56,391.22,0.0,1
90.95,0.0,0.0,256.12,0.0,1.0,1
37.85,8.0,4001.35,122.27,500.17,2.0,0
87.97,0.0,0.0,567.89,0.0,0.0,1
28.15,1.0,221.38,317.55,221.38,0.0,1
156.15,0.0,0.0,199.76,0.0,0.0,1
3.87,5.0,1022.98,319.35,204.6,9.0,0
137.23,3.0,1483.64,255.95,494.55,0.0,1
189.41,1.0,397.86,240.67,397.86,3.0,1
59.02,10.0,3094.67,481.28,309.47,4.0,0
4.32,8.0,2063.08,516.75,257.88,3.0,0
48.33,9.0,2260.01,510.13,251.11,6.0,0
36.9,12.0,1801.08,360.3,150.09,7.0,0
32.98,6.0,2065.27,494.87,344.21,4.0,0
12.43,3.0,797.52,332.06,265.84,5.0,0
70.53,16.0,5274.82,187.26,329.68,1.0,0
17.97,7.0,1555.05,448.78,222.15,5.0,0
188.73,2.0,691.88,268.16,345.94,1.0,1
20.72,4.0,900.72,207.08,225.18,4.0,0
26.89,9.0,2824.62,583.18,313.85,3.0,0
112.01,0.0,0.0,433.4,0.0,2.0,1
33.2,16.0,7872.38,152.45,492.02,4.0,0
121.62,1.0,370.29,683.25,370.29,0.0,1
89.83,0.0,0.0,119.09,0.0,2.0,1
42.75,7.0,2829.29,372.65,404.18,6.0,0
64.0,9.0,3515.75,576.16,390.64,4.0,0
151.31,0.0,0.0,237.72,0.0,2.0,1
34.65,8.0,2450.11,309.58,306.26,5.0,0
21.32,7.0,2208.05,641.62,315.44,2.0,0
16.79,7.0,2767.24,235.15,395.32,6.0,0
10.55,6.0,1856.2,30.0,309.37,5.0,0
138.57,2.0,389.42,283.69,194.71,1.0,1
145.82,2.0,748.11,298.63,374.06,0.0,1
15.58,8.0,1836.56,292.28,229.57,4.0,0
82.6,4.0,750.2,145.32,187.55,0.0,1
13.07,6.0,1361.46,131.79,226.91,5.0,0
39.45,10.0,1832.12,557.14,183.21,5.0,0
15.69,6.0,1650.04,401.72,275.01,4.0,0
133.24,0.0,0.0,340.27,0.0,1.0,1
151.74,0.0,0.0,151.74,0.0,3.0,1
32.56,8.0,2829.01,301.56,353.63,1.0,0
25.39,7.0,3515.59,453.48,502.23,5.0,0
150.61,1.0,368.76,272.45,368.76,2.0,1
252.47,1.0,440.71,252.47,440.71,1.0,1
18.6,14.0,3317.05,159.04,236.93,4.0,0
37.11,10.0,3659.17,378.69,365.92,3.0,0
45.79,8.0,2894.18,579.72,361.77,3.0,0
65.06,0.0,0.0,419.95,0.0,0.0,1
153.62,3.0,112.62,368.18,37.54,2.0,1
32.19,7.0,2160.64,254.89,308.66,5.0,0
1.0,1.0,320.13,461.32,320.13,0.0,1
50.76,13.0,5448.7,492.28,419.13,6.0,0
39.85,8.0,1478.33,393.45,184.79,3.0,0
239.55,2.0,858.6,282.38,429.3,1.0,1
137.9,3.0,944.91,640.93,314.97,1.0,1
105.09,0.0,0.0,130.23,0.0,1.0,1
30.0,0.0,0.0,30.0,0.0,0.0,1
20.28,10.0,2863.45,234.86,286.34,5.0,0
122.07,1.0,359.71,743.11,359.71,1.0,1
30.51,7.0,2976.89,200.69,425.27,3.0,0
47.14,7.0,1965.03,526.87,280.72,6.0,0
7.34,11.0,361.84,388.22,32.89,4.0,0
196.47,2.0,501.21,413.73,250.6,1.0,1
27.96,1.0,360.98,247.83,360.98,1.0,1
0.39,7.0,3084.52,150.58,440.65,4.0,0
32.36,8.0,2710.84,313.92,338.86,6.0,0
136.43,2.0,616.37,237.47,308.19,2.0,1
47.83,8.0,2229.68,446.4,278.71,7.0,0
0.0,10.0,4122.75,264.15,412.27,4.0,0
0.0,11.0,1559.28,214.58,141.75,3.0,0
183.41,0.0,0.0,459.59,0.0,0.0,1
12.13,7.0,1411.66,441.26,201.67,4.0,0
1.25,3.0,996.17,505.55,332.06,4.0,0
29.52,6.0,1229.86,199.68,204.98,4.0,0
155.41,2.0,783.31,680.94,391.65,4.0,1
135.26,1.0,182.05,418.54,182.05,1.0,1
137.43,1.0,354.51,314.38,354.51,1.0,1
199.8,2.0,750.19,589.36,375.1,0.0,1
5.93,7.0,1858.43,251.46,265.49,2.0,0
66.3,8.0,2691.14,265.5,336.39,3.0,0
84.54,3.0,791.91,415.94,263.97,0.0,1
108.99,2.0,595.25,452.99,297.62,3.0,1
33.57,10.0,2567.84,231.09,256.78,3.0,0
40.62,7.0,1371.62,302.11,195.95,4.0,0
48.24,11.0,4083.76,357.09,371.25,1.0,0
4.81,10.0,3785.64,387.23,378.56,3.0,0
139.11,0.0,0.0,375.93,0.0,1.0,1
91.18,1.0,312.23,320.71,312.23,0.0,1
11.29,11.0,3783.17,331.88,343.92,2.0,0
103.3,0.0,0.0,669.56,0.0,0.0,1
71.24,5.0,1869.06,605.93,373.81,2.0,0
99.17,0.0,0.0,308.01,0.0,0.0,1
10.84,8.0,3306.85,288.43,413.36,4.0,0
34.23,9.0,1157.74,526.85,128.64,4.0,0
57.33,15.0,5180.64,699.77,345.38,5.0,0
23.4,8.0,2238.87,457.48,279.86,4.0,0
26.43,6.0,1421.7,402.85,236.95,2.0,0
10.72,11.0,1122.49,503.85,102.04,3.0,0
31.72,13.0,4873.8,851.19,374.91,7.0,0
29.78,9.0,2950.58,439.57,327.84,1.0,0
11.78,8.0,3662.25,298.99,457.78,2.0,0
90.26,0.0,0.0,421.9,0.0,1.0,1
186.36,0.0,0.0,230.39,0.0,1.0,1
213.09,1.0,315.76,457.93,315.76,1.0,1
34.84,10.0,3996.89,478.86,399.69,2.0,0
57.56,5.0,1536.68,424.85,307.34,4.0,0
179.79,1.0,296.93,534.71,296.93,1.0,1
135.98,1.0,409.06,187.03,409.06,0.0,1
24.9,5.0,2265.63,385.64,453.13,5.0,0
112.5,1.0,347.52,632.28,347.52,1.0,1
143.79,1.0,251.5,363.03,251.5,0.0,1
6.39,8.0,1643.44,269.13,205.43,3.0,0
169.25,2.0,503.82,543.25,251.91,1.0,1
197.79,2.0,650.99,202.21,325.5,1.0,1
43.86,8.0,2311.22,262.31,288.9,4.0,0
13.21,6.0,961.86,364.13,160.31,2.0,0
198.09,0.0,0.0,389.14,0.0,3.0,1
47.2,4.0,1320.92,499.88,330.23,1.0,1
180.34,3.0,759.77,503.69,253.26,1.0,1
5.29,6.0,2710.75,484.38,451.79,4.0,0
127.27,1.0,350.54,283.31,350.54,1.0,1
3.19,5.0,1477.0,181.2,295.4,3.0,0
26.5,7.0,2494.79,244.09,356.4,4.0,0
128.62,2.0,669.82,257.14,334.91,0.0,1
79.39,5.0,1370.68,184.4,274.14,2.0,1
89.74,2.0,446.09,449.08,223.04,1.0,1
35.18,10.0,2976.34,346.35,297.63,1.0,0
34.81,9.0,2062.91,388.69,229.21,2.0,0
159.66,4.0,1052.24,413.04,263.06,0.0,1
11.16,12.0,3394.1,349.59,282.84,4.0,0
173.13,1.0,390.59,292.27,390.59,0.0,1
32.28,12.0,2446.35,137.77,203.86,6.0,0
30.72,13.0,3284.4,369.24,252.65,7.0,0
182.48,3.0,737.47,649.31,245.82,0.0,1
38.18,9.0,2294.34,87.95,254.93,3.0,0
0.0,8.0,1906.94,363.81,238.37,3.0,0
47.95,8.0,1997.99,371.36,249.75,3.0,0
173.06,0.0,0.0,479.85,0.0,1.0,1
22.4,6.0,1208.91,537.27,201.49,2.0,0
63.55,6.0,2572.08,291.93,428.68,1.0,0
28.41,7.0,2297.68,630.36,328.24,6.0,0
20.02,8.0,1968.39,318.36,246.05,6.0,0
89.45,1.0,359.51,450.86,359.51,1.0,1
27.92,6.0,1468.75,744.25,244.79,3.0,0
99.44,2.0,303.2,359.8,151.6,3.0,1
211.95,2.0,820.3,509.32,410.15,0.0,1
172.43,2.0,764.64,361.8,382.32,3.0,1
0.0,6.0,989.13,368.37,164.85,6.0,0
107.65,0.0,0.0,356.02,0.0,4.0,1
19.98,7.0,1753.43,372.71,250.49,6.0,0
52.33,7.0,1863.26,451.15,266.18,1.0,0
22.93,10.0,2177.12,444.34,217.71,2.0,0
37.22,5.0,149.6,464.48,29.92,1.0,0
93.78,2.0,636.82,93.78,318.41,2.0,1
49.43,9.0,2874.39,593.95,319.38,2.0,0
17.1,3.0,784.22,589.76,261.41,3.0,0
43.44,6.0,1800.9,144.52,300.15,2.0,0
183.2,3.0,950.96,336.73,316.99,4.0,1
138.32,1.0,375.8,138.32,375.8,2.0,1
53.8,12.0,3032.84,269.63,252.74,1.0,0
14.33,8.0,1378.12,304.85,172.26,2.0,0
14.59,7.0,2994.99,439.85,427.86,3.0,0
91.83,2.0,612.21,484.32,306.11,1.0,1
3.54,8.0,2397.55,262.14,299.69,3.0,0
114.06,0.0,0.0,517.55,0.0,0.0,1
10.58,11.0,3514.43,259.82,319.49,2.0,0
64.97,3.0,448.04,322.05,149.35,2.0,0
129.46,2.0,720.54,390.51,360.27,0.0,1
12.17,15.0,3721.5,115.87,248.1,4.0,0
0.0,11.0,2319.88,416.04,210.9,4.0,0
21.57,11.0,3215.33,252.7,292.3,8.0,0
12.49,8.0,1763.63,363.74,220.45,4.0,0
22.48,9.0,2327.48,341.52,258.61,3.0,0
196.79,2.0,780.78,292.3,390.39,0.0,1
45.15,6.0,1078.23,366.85,179.71,3.0,0
142.58,3.0,1145.47,429.32,381.82,0.0,1
38.58,1.0,346.92,347.13,346.92,2.0,1
14.07,11.0,2525.25,512.04,229.57,6.0,0
26.56,12.0,4415.12,227.0,367.93,4.0,0
53.79,8.0,955.72,327.74,119.47,0.0,0
202.78,2.0,415.19,458.34,207.59,2.0,1
56.12,8.0,3014.46,238.91,376.81,3.0,0
59.23,4.0,1883.33,458.68,470.83,2.0,0
39.55,8.0,2189.4,428.22,273.68,5.0,0
46.67,7.0,2005.94,628.72,286.56,8.0,0
37.82,7.0,1794.74,551.32,256.39,7.0,0
216.92,1.0,361.06,395.85,361.06,0.0,1
170.43,1.0,271.82,550.88,271.82,0.0,1
18.56,6.0,1749.68,265.35,291.61,1.0,0
76.87,9.0,1111.42,214.45,123.49,3.0,0
112.78,1.0,220.44,332.69,220.44,0.0,1
42.36,13.0,4779.28,389.46,367.64,5.0,0
0.0,7.0,2343.29,525.79,334.76,5.0,0
0.0,8.0,1117.94,317.27,139.74,3.0,0
192.7,0.0,0.0,359.06,0.0,0.0,1
15.94,10.0,2465.75,213.35,246.57,7.0,0
36.71,5.0,1472.94,297.98,294.59,3.0,0
107.65,3.0,1052.31,622.74,350.77,1.0,1
37.47,13.0,3735.39,452.41,287.34,5.0,0
31.78,12.0,4117.69,477.2,343.14,6.0,0
26.92,5.0,907.77,239.44,181.55,3.0,0
30.0,2.0,542.45,30.0,271.23,2.0,1
22.25,10.0,1250.24,324.77,125.02,6.0,0
231.03,1.0,169.12,430.85,169.12,0.0,1
125.53,1.0,365.47,316.23,365.47,0.0,1
18.13,5.0,1482.91,304.27,296.58,2.0,0
34.2,9.0,1121.16,639.7,124.57,2.0,0
159.73,2.0,825.18,159.73,412.59,4.0,1
23.72,12.0,2977.86,572.35,248.16,7.0,0
9.6,9.0,1624.78,310.11,180.53,6.0,0
177.22,2.0,571.73,256.5,285.87,1.0,1
15.95,8.0,2271.82,402.13,283.98,7.0,0
146.7,0.0,0.0,523.87,0.0,3.0,1
150.28,5.0,1556.38,367.16,311.28,2.0,1
228.71,1.0,274.63,476.42,274.63,0.0,1
125.04,0.0,0.0,549.54,0.0,2.0,1
75.37,2.0,856.74,213.94,428.37,1.0,1
139.46,0.0,0.0,596.97,0.0,0.0,1
20.98,8.0,2327.28,365.16,290.91,4.0,0
22.48,4.0,622.61,308.83,155.65,3.0,0
10.34,8.0,2733.24,276.06,341.65,7.0,0
45.92,8.0,1694.94,330.5,211.87,2.0,0
13.78,11.0,5015.93,544.93,455.99,1.0,0
232.54,2.0,523.06,470.96,261.53,0.0,1
30.0,1.0,435.08,30.0,435.08,0.0,1
77.91,3.0,1224.77,396.38,408.26,1.0,1
0.74,15.0,5139.88,370.13,342.66,2.0,0
0.0,3.0,749.85,128.04,249.95,5.0,0
119.95,1.0,413.01,265.76,413.01,1.0,1
54.83,7.0,3018.59,337.93,431.23,3.0,0
65.37,9.0,3327.88,406.08,369.76,3.0,0
185.05,2.0,829.2,278.85,414.6,1.0,1
36.79,15.0,4017.6,520.87,267.84,3.0,0
24.16,4.0,648.79,550.96,162.2,4.0,0
33.37,7.0,2077.23,540.02,296.75,4.0,0
8.97,11.0,2891.19,387.19,262.84,2.0,0
112.1,2.0,723.63,228.49,361.81,3.0,1
117.78,4.0,1768.59,385.21,442.15,1.0,1
38.26,9.0,2124.39,313.62,236.04,4.0,0
39.2,11.0,2515.12,553.31,228.65,6.0,0
181.65,0.0,0.0,445.63,0.0,1.0,1
204.5,1.0,178.46,319.98,178.46,2.0,1
92.37,0.0,0.0,233.7,0.0,3.0,1
0.0,6.0,1885.7,263.33,314.28,5.0,0
33.4,5.0,1174.41,500.97,234.88,4.0,0
58.49,4.0,1271.62,448.26,317.9,6.0,0
19.93,11.0,4316.56,297.89,392.41,2.0,0
167.2,0.0,0.0,522.68,0.0,2.0,1
159.43,1.0,257.94,331.26,257.94,1.0,1
31.48,7.0,2071.36,367.83,295.91,6.0,0
93.15,2.0,797.43,489.56,398.71,3.0,1
51.72,8.0,2720.29,180.51,340.04,3.0,0
35.65,4.0,747.67,395.11,186.92,4.0,0
119.68,3.0,828.95,550.32,276.32,0.0,1
0.0,11.0,2650.5,376.84,240.95,2.0,0
0.29,4.0,1125.29,163.65,281.32,2.0,0
149.21,2.0,510.84,785.67,255.42,2.0,1
35.98,14.0,5740.04,567.68,410.0,7.0,0
7.77,5.0,1961.34,396.67,392.27,4.0,0
23.16,0.0,0.0,316.0,0.0,2.0,1
9.02,6.0,1760.44,490.96,293.41,3.0,0
22.5,10.0,2650.91,333.46,265.09,5.0,0
23.91,11.0,2314.64,252.69,210.42,3.0,0
147.91,1.0,264.5,483.67,264.5,1.0,1
158.88,1.0,414.08,286.26,414.08,1.0,1
140.28,0.0,0.0,140.28,0.0,2.0,1
5.5,5.0,1534.48,603.88,306.9,3.0,0
174.25,2.0,589.29,477.97,294.64,1.0,1
0.0,12.0,3335.78,349.66,277.98,4.0,0
15.84,5.0,1453.29,536.92,290.66,4.0,0
139.31,1.0,356.63,142.67,356.63,3.0,1
14.5,8.0,2048.06,477.19,256.01,5.0,0
155.43,2.0,505.45,336.6,252.72,0.0,1
17.92,8.0,654.58,548.86,81.82,3.0,0
1.0,1.0,274.07,362.04,274.07,0.0,1
119.35,1.0,361.13,246.63,361.13,1.0,1
25.53,10.0,2437.4,271.07,243.74,3.0,0
10.08,3.0,532.68,294.48,177.56,5.0,0
0.0,7.0,1389.93,280.46,198.56,4.0,0
169.0,4.0,1181.43,169.0,295.36,2.0,1
46.57,12.0,2713.56,449.28,226.13,1.0,0
0.0,5.0,1394.05,60.21,278.81,4.0,0
36.08,10.0,3752.93,328.75,375.29,4.0,0
30.35,4.0,1035.42,337.29,258.86,0.0,0
44.4,17.0,2831.29,493.96,166.55,2.0,0
25.34,11.0,4220.7,336.44,383.7,5.0,0
0.0,10.0,3319.01,514.25,331.9,2.0,0
24.03,16.0,3669.59,361.37,229.35,5.0,0
99.36,2.0,833.77,374.15,416.88,2.0,1
58.01,8.0,3707.92,332.64,463.49,2.0,0
113.93,1.0,178.44,153.41,178.44,2.0,1
36.67,7.0,953.44,312.15,136.21,4.0,0
113.12,2.0,428.85,499.73,214.43,0.0,1
36.98,10.0,2779.95,611.61,278.0,3.0,0
133.02,1.0,82.67,335.3,82.67,1.0,1
26.51,7.0,1286.79,438.37,183.83,7.0,0
27.8,7.0,2116.49,428.89,302.36,7.0,0
0.0,4.0,509.24,425.73,127.31,3.0,0
37.29,11.0,3380.73,444.03,307.34,3.0,0
14.56,10.0,2993.59,497.33,299.36,5.0,0
108.38,1.0,194.16,303.78,194.16,2.0,1
156.43,0.0,0.0,609.66,0.0,4.0,1
246.98,1.0,335.54,577.03,335.54,1.0,1
34.14,7.0,1558.39,170.32,222.63,6.0,0
49.94,2.0,744.62,471.86,372.31,4.0,0
98.39,3.0,986.35,294.75,328.78,0.0,1
9.1,4.0,653.79,333.49,163.45,6.0,0
44.6,8.0,2522.43,460.16,315.3,4.0,0
13.51,8.0,1423.47,360.27,177.93,4.0,0
123.68,2.0,437.2,179.33,218.6,1.0,1
0.73,6.0,2277.24,281.2,379.54,6.0,0
4.9,16.0,3588.44,176.93,224.28,5.0,0
34.04,6.0,1140.58,188.21,190.1,8.0,0
28.73,7.0,1832.59,561.75,261.8,2.0,0
34.19,14.0,4432.6,471.79,316.61,5.0,0
37.13,12.0,2805.08,325.01,233.76,1.0,0
155.73,2.0,305.57,442.88,152.78,0.0,1
186.35,3.0,969.5,433.19,323.17,1.0,1
9.5,10.0,3947.93,609.9,394.79,3.0,0
135.19,0.0,0.0,590.48,0.0,0.0,1
48.94,2.0,303.19,238.45,151.59,2.0,1
26.85,8.0,2565.25,218.47,320.66,8.0,0
131.59,1.0,282.49,294.45,282.49,1.0,1
56.32,6.0,1054.08,331.14,175.68,3.0,0
37.64,8.0,2176.87,516.32,272.11,3.0,0
30.76,8.0,3480.86,383.69,435.11,5.0,0
42.01,4.0,764.68,351.68,191.17,2.0,0
165.85,2.0,921.77,165.85,460.88,1.0,1
126.09,2.0,458.04,476.51,229.02,0.0,1
72.83,2.0,418.1,455.89,209.05,1.0,1
168.05,0.0,0.0,395.77,0.0,3.0,1
47.8,6.0,1318.64,312.48,219.77,2.0,0
20.11,4.0,1195.5,370.27,298.88,3.0,0
125.4,2.0,348.89,317.24,174.44,1.0,1
186.33,1.0,288.65,365.49,288.65,1.0,1
36.12,8.0,2474.37,278.6,309.3,4.0,0
29.92,12.0,4348.28,312.13,362.36,3.0,0
150.62,3.0,873.52,230.68,291.17,0.0,1
57.79,9.0,3091.08,257.73,343.45,7.0,0
35.8,6.0,1379.75,488.92,229.96,2.0,0
40.35,20.0,8293.68,392.15,414.68,3.0,0
151.27,1.0,302.57,464.22,302.57,0.0,1
23.0,9.0,1605.16,385.88,178.35,3.0,0
37.09,5.0,1633.06,328.93,326.61,1.0,0
30.0,2.0,501.23,30.0,250.62,3.0,1
13.76,7.0,1858.54,320.3,265.51,2.0,0
12.96,9.0,1430.23,284.99,158.91,3.0,0
53.07,5.0,1716.04,508.42,343.21,4.0,0
44.11,4.0,919.6,588.46,229.9,4.0,0
63.67,1.0,313.09,576.2,313.09,2.0,1
139.88,1.0,284.97,293.01,284.97,2.0,1
194.56,3.0,913.88,576.0,304.63,0.0,1
105.99,3.0,1006.85,105.99,335.62,2.0,1
0.0,4.0,1179.79,417.59,294.95,8.0,0
47.67,7.0,1677.09,628.83,239.58,8.0,0
22.99,5.0,1347.08,113.89,269.42,5.0,0
57.49,1.0,144.59,302.94,144.59,0.0,1
30.0,0.0,0.0,30.0,0.0,4.0,1
69.16,5.0,1205.98,506.38,241.2,0.0,1
163.05,0.0,0.0,361.33,0.0,2.0,1
36.0,5.0,792.68,404.26,158.54,1.0,0
21.8,7.0,2520.73,555.4,360.1,7.0,0
40.61,11.0,1996.24,332.69,181.48,6.0,0
11.19,7.0,2624.2,607.06,374.89,3.0,0
17.64,9.0,845.72,114.31,93.97,6.0,0
75.74,0.0,0.0,419.61,0.0,0.0,1
31.45,6.0,516.82,394.12,86.14,9.0,0
107.24,1.0,346.3,200.44,346.3,1.0,1
118.73,0.0,0.0,118.73,0.0,1.0,1
2.08,4.0,986.5,210.62,246.62,6.0,0
48.02,9.0,4469.93,370.38,496.66,5.0,0
42.08,12.0,3864.95,223.96,322.08,4.0,0
43.36,9.0,2053.14,523.97,228.13,6.0,0
19.34,5.0,633.03,276.56,126.61,3.0,0
193.81,1.0,376.82,325.36,376.82,2.0,1
22.65,9.0,1450.38,234.04,161.15,4.0,0
13.86,8.0,2926.01,454.27,365.75,0.0,0
35.41,8.0,1560.68,302.5,195.09,4.0,0
49.67,12.0,2955.91,233.41,246.33,2.0,0
48.82,7.0,1567.49,450.12,223.93,7.0,0
3.84,9.0,1756.55,322.09,195.17,4.0,0
106.95,2.0,303.81,679.02,151.91,2.0,1
33.65,11.0,3789.3,487.35,344.48,4.0,0
20.35,6.0,2020.08,280.2,336.68,3.0,0
123.23,1.0,215.12,123.23,215.12,0.0,1
21.56,17.0,2040.16,444.12,120.01,1.0,0
2.6,8.0,2158.01,451.2,269.75,3.0,0
108.54,1.0,242.87,341.95,242.87,1.0,1
0.0,11.0,2536.27,388.51,230.57,5.0,0
31.09,6.0,1683.83,249.82,280.64,5.0,0
0.06,7.0,3824.23,279.69,546.32,2.0,0
177.97,1.0,256.56,336.58,256.56,3.0,1
106.16,1.0,358.24,402.68,358.24,1.0,1
44.17,10.0,2784.24,256.42,278.42,3.0,0
4.97,13.0,4180.95,471.55,321.61,1.0,0
0.0,7.0,1712.43,230.93,244.63,7.0,0
68.35,1.0,397.62,173.24,397.62,0.0,1
36.96,11.0,3205.8,404.35,291.44,2.0,0
4.23,6.0,1470.29,169.5,245.05,3.0,0
137.87,2.0,626.64,221.24,313.32,3.0,1
0.0,3.0,1129.25,642.66,376.42,1.0,0
3.85,10.0,253.45,296.67,25.34,1.0,0
0.0,13.0,3503.02,606.45,269.46,3.0,0
101.74,1.0,229.77,270.07,229.77,1.0,1
116.8,2.0,476.18,770.3,238.09,1.0,1
0.0,8.0,2904.21,327.9,363.03,3.0,0
38.46,2.0,365.44,208.37,182.72,3.0,0
11.75,6.0,1460.05,360.61,243.34,1.0,0
39.62,10.0,3397.35,165.94,339.74,3.0,0
34.43,9.0,4034.74,545.37,448.3,3.0,0
35.57,7.0,1602.99,310.96,229.0,0.0,0
39.76,8.0,3132.64,314.41,391.58,4.0,0
2.42,8.0,2119.45,570.44,264.93,7.0,0
36.58,7.0,2210.82,276.76,315.83,2.0,0
113.46,2.0,657.64,360.13,328.82,1.0,1
104.92,1.0,168.84,491.29,168.84,1.0,1
181.97,0.0,0.0,351.22,0.0,0.0,1
49.61,7.0,1986.21,182.13,283.74,3.0,0
115.28,2.0,343.79,533.97,171.9,1.0,1
19.78,5.0,100.0,519.8,20.0,8.0,0
30.0,1.0,317.17,30.0,317.17,0.0,1
29.84,4.0,886.18,405.85,221.54,5.0,0
190.15,2.0,692.48,431.3,346.24,0.0,1
0.0,9.0,1975.36,118.15,219.48,4.0,0
162.03,2.0,366.85,323.99,183.43,1.0,1
17.24,7.0,1077.34,300.45,153.91,3.0,0
106.88,2.0,657.15,106.88,328.57,0.0,1
139.17,3.0,746.5,439.64,248.83,3.0,1
37.74,6.0,1416.5,466.97,236.08,6.0,0
12.23,6.0,1275.53,208.14,212.59,4.0,0
108.75,0.0,0.0,456.19,0.0,0.0,1
112.54,2.0,542.54,419.16,271.27,2.0,1
201.66,0.0,0.0,328.29,0.0,0.0,1
5.46,3.0,1377.49,647.68,459.16,3.0,0
37.9,7.0,1043.23,335.17,149.03,5.0,0
88.89,1.0,88.06,350.52,88.06,0.0,1
40.91,3.0,628.77,734.22,209.59,3.0,0
44.03,2.0,533.32,44.03,266.66,8.0,0
106.45,0.0,0.0,209.11,0.0,0.0,1
44.09,2.0,851.62,270.94,425.81,8.0,0
41.58,8.0,1105.34,585.1,138.17,0.0,0
130.34,1.0,206.75,476.78,206.75,0.0,1
10.73,11.0,1476.77,252.82,134.25,4.0,0
67.83,5.0,1314.07,349.64,262.81,5.0,0
35.25,7.0,3445.35,387.98,492.19,7.0,0
27.7,7.0,853.26,354.49,121.89,6.0,0
114.84,2.0,495.71,524.35,247.85,1.0,1
71.08,10.0,3174.38,702.4,317.44,6.0,0
49.66,8.0,1415.96,484.19,177.0,2.0,0
16.16,7.0,1515.55,432.54,216.51,4.0,0
23.93,9.0,2347.24,294.28,260.8,4.0,0
0.0,5.0,1588.46,294.67,317.69,0.0,0
193.5,1.0,359.74,291.88,359.74,1.0,1
34.0,4.0,251.1,281.9,62.77,7.0,0
127.68,0.0,0.0,180.77,0.0,2.0,1
115.94,2.0,561.35,661.05,280.68,3.0,1
41.27,8.0,1906.97,477.24,238.37,5.0,0
159.27,1.0,340.46,159.27,340.46,2.0,1
0.0,8.0,2558.05,444.6,319.76,4.0,0
60.67,6.0,1495.34,521.68,249.22,2.0,0
41.41,8.0,3146.46,464.33,393.31,7.0,0
47.54,9.0,3193.56,312.76,354.84,6.0,0
10.84,11.0,2901.1,154.55,263.74,5.0,0
20.52,8.0,1624.95,244.79,203.12,6.0,0
9.98,6.0,2735.43,281.17,455.9,8.0,0
35.74,9.0,2190.44,148.51,243.38,7.0,0
0.0,8.0,2980.25,198.55,372.53,5.0,0
171.04,2.0,743.69,365.12,371.85,1.0,1
20.9,13.0,3358.01,330.01,258.31,5.0,0
23.02,11.0,4222.84,443.18,383.89,1.0,0
123.66,0.0,0.0,410.56,0.0,4.0,1
25.9,7.0,1850.78,316.27,264.4,3.0,0
50.38,8.0,2290.3,61.58,286.29,5.0,0
147.61,1.0,321.25,205.05,321.25,1.0,1
48.04,9.0,2718.14,262.43,302.02,3.0,0
35.91,8.0,2374.31,281.98,296.79,4.0,0
59.85,6.0,1478.3,256.78,246.38,2.0,0
55.69,8.0,966.69,374.11,120.84,4.0,0
29.43,9.0,2315.17,348.5,257.24,5.0,0
165.29,1.0,196.9,178.2,196.9,0.0,1
46.08,9.0,3955.4,213.73,439.49,5.0,0
31.38,6.0,1477.64,489.7,246.27,3.0,0
155.11,4.0,1128.25,277.06,282.06,3.0,1
44.26,10.0,3447.61,365.99,344.76,4.0,0
44.89,17.0,5035.93,354.99,296.23,4.0,0
8.77,11.0,1961.58,196.44,178.33,2.0,0
145.31,3.0,485.73,145.31,161.91,1.0,1
141.81,4.0,998.35,462.39,249.59,2.0,1
194.45,4.0,1161.6,448.02,290.4,1.0,1
28.28,10.0,2439.74,30.0,243.97,9.0,0
4.31,9.0,2136.22,280.52,237.36,3.0,0
102.11,1.0,474.28,343.38,474.28,2.0,1
120.07,3.0,1030.69,363.43,343.56,1.0,1
38.12,11.0,4551.1,329.81,413.74,3.0,0
150.15,3.0,820.05,724.57,273.35,1.0,1
27.78,7.0,2381.22,30.0,340.17,4.0,0
86.4,1.0,247.65,86.4,247.65,0.0,1
20.3,7.0,1719.88,573.38,245.7,2.0,0
250.91,0.0,0.0,275.27,0.0,1.0,1
21.7,9.0,3508.8,345.98,389.87,6.0,0
31.81,6.0,1257.47,475.15,209.58,4.0,0
64.65,4.0,1478.87,152.78,369.72,3.0,0
56.9,7.0,2959.23,608.95,422.75,6.0,0
30.0,1.0,372.71,30.0,372.71,1.0,1
5.72,9.0,1725.5,407.23,191.72,3.0,0
57.86,4.0,1198.09,465.72,299.52,5.0,0
13.45,6.0,2291.84,338.73,381.97,2.0,0
236.26,2.0,816.29,296.5,408.14,0.0,1
29.76,14.0,4262.64,531.47,304.47,3.0,0
40.27,5.0,1536.6,819.48,307.32,3.0,0
91.96,1.0,418.82,318.38,418.82,3.0,1
149.15,1.0,321.89,528.0,321.89,0.0,1
78.51,0.0,0.0,255.8,0.0,2.0,1
0.0,3.0,1248.37,640.91,416.12,3.0,0
8.32,10.0,3267.82,403.56,326.78,1.0,0
8.03,7.0,991.96,116.34,141.71,2.0,0
9.85,11.0,4143.38,228.7,376.67,3.0,0
48.3,10.0,2850.37,403.59,285.04,2.0,0
65.84,3.0,1010.14,373.08,336.71,0.0,1
96.37,1.0,255.34,320.43,255.34,0.0,1
109.82,4.0,961.26,545.49,240.31,1.0,1
16.42,4.0,1470.89,479.61,367.72,5.0,0
249.25,0.0,0.0,630.32,0.0,3.0,1
20.9,7.0,1769.41,30.0,252.77,3.0,0
48.9,2.0,571.26,158.71,285.63,1.0,1
35.63,8.0,2011.38,97.83,251.42,2.0,0
0.0,7.0,2384.41,302.3,340.63,2.0,0
17.18,8.0,2631.45,518.75,328.93,3.0,0
205.39,4.0,834.65,328.43,208.66,0.0,1
34.12,10.0,1179.33,721.27,117.93,7.0,0
150.11,1.0,287.4,288.41,287.4,1.0,1
20.83,7.0,2022.93,159.18,288.99,2.0,0
166.86,2.0,902.62,321.9,451.31,0.0,1
20.32,11.0,899.8,310.97,81.8,7.0,0
8.91,9.0,2595.49,398.84,288.39,5.0,0
0.0,9.0,1592.65,233.83,176.96,5.0,0
34.76,8.0,3139.45,358.4,392.43,7.0,0
0.0,6.0,1141.31,245.86,190.22,6.0,0
108.7,0.0,0.0,227.11,0.0,1.0,1
84.2,3.0,591.85,200.07,197.28,1.0,1
3.37,9.0,3211.84,440.4,356.87,6.0,0
114.82,0.0,0.0,518.73,0.0,0.0,1
23.04,4.0,1783.21,359.19,445.8,1.0,0
155.39,1.0,285.26,350.14,285.26,2.0,1
204.26,1.0,377.65,245.87,377.65,2.0,1
8.39,11.0,3804.64,253.76,345.88,8.0,0
74.16,3.0,844.98,297.36,281.66,0.0,1
81.01,2.0,598.11,381.36,299.06,2.0,1
25.16,7.0,2362.65,483.95,337.52,4.0,0
0.0,11.0,3064.75,380.13,278.61,1.0,0
0.0,6.0,1839.55,528.93,306.59,4.0,0
0.0,5.0,879.57,331.24,175.91,3.0,0
17.91,18.0,4923.04,392.02,273.5,7.0,0
46.48,8.0,2204.35,344.5,275.54,4.0,0
186.83,1.0,165.6,358.27,165.6,0.0,1
110.92,0.0,0.0,408.05,0.0,0.0,1
172.26,1.0,214.13,643.57,214.13,0.0,1
151.02,1.0,181.01,608.11,181.01,1.0,1
98.46,1.0,489.33,146.35,489.33,3.0,1
107.37,1.0,243.55,183.27,243.55,2.0,1
20.25,7.0,2429.75,735.95,347.11,2.0,0
32.01,4.0,1169.84,363.93,292.46,5.0,0
162.05,2.0,416.49,510.53,208.25,2.0,1
107.18,0.0,0.0,459.97,0.0,1.0,1
26.1,8.0,2475.93,295.76,309.49,4.0,0
15.35,5.0,1106.29,202.67,221.26,6.0,0
31.47,7.0,1229.77,594.24,175.68,3.0,0
68.8,1.0,234.63,552.9,234.63,2.0,1
30.17,1.0,250.39,349.91,250.39,0.0,1
71.78,1.0,376.66,484.43,376.66,1.0,1
6.99,8.0,2882.89,388.99,360.36,8.0,0
42.48,8.0,2097.29,371.18,262.16,3.0,0
67.11,6.0,2275.99,375.45,379.33,6.0,0
18.26,5.0,1367.13,126.15,273.43,2.0,0
152.18,0.0,0.0,303.34,0.0,0.0,1
5.58,11.0,1346.43,217.26,122.4,3.0,0
26.26,6.0,1903.47,445.02,317.25,5.0,0
25.4,13.0,4920.51,428.73,378.5,2.0,0
50.67,2.0,332.26,593.02,166.13,1.0,1
18.97,4.0,1421.49,345.66,355.37,5.0,0
30.9,11.0,3441.08,346.14,312.83,3.0,0
14.44,11.0,1066.81,551.88,96.98,6.0,0
168.61,0.0,0.0,419.91,0.0,0.0,1
27.15,6.0,1581.54,504.82,263.59,5.0,0
167.61,0.0,0.0,543.3,0.0,0.0,1
34.11,8.0,1939.71,266.28,242.46,6.0,0
128.34,0.0,0.0,306.79,0.0,0.0,1
112.28,2.0,419.57,573.58,209.78,1.0,1
101.19,0.0,0.0,390.27,0.0,2.0,1
66.55,3.0,948.8,408.2,316.27,8.0,0
16.29,8.0,2317.77,246.42,289.72,2.0,0
16.88,10.0,2141.26,328.35,214.13,5.0,0
42.77,11.0,3338.4,207.1,303.49,2.0,0
75.15,0.0,0.0,75.15,0.0,0.0,1
125.76,0.0,0.0,211.72,0.0,2.0,1
24.99,10.0,1960.66,240.01,196.07,6.0,0
24.04,5.0,1457.81,525.12,291.56,2.0,0
46.84,7.0,2018.46,386.83,288.35,3.0,0
208.19,0.0,0.0,330.55,0.0,1.0,1
23.57,8.0,2624.32,309.39,328.04,2.0,0
125.56,3.0,866.73,517.13,288.91,0.0,1
150.58,3.0,1341.18,562.08,447.06,1.0,1
40.82,9.0,2569.15,501.05,285.46,4.0,0
25.32,14.0,4622.71,462.26,330.19,6.0,0
10.34,13.0,3122.36,435.91,240.18,5.0,0
18.12,8.0,2347.96,461.98,293.5,2.0,0
43.95,9.0,2169.22,285.82,241.02,5.0,0
159.91,0.0,0.0,259.17,0.0,0.0,1
7.02,3.0,402.01,466.54,134.0,4.0,0
150.23,3.0,649.95,542.59,216.65,1.0,1
33.76,7.0,2169.07,206.08,309.87,3.0,0
131.12,1.0,218.98,451.78,218.98,1.0,1
0.0,11.0,1958.19,218.46,178.02,4.0,0
11.7,7.0,2146.6,481.21,306.66,5.0,0
3.35,5.0,1299.19,184.68,259.84,1.0,0
246.67,2.0,606.82,439.29,303.41,0.0,1
42.98,4.0,893.95,356.07,223.49,3.0,0
35.84,9.0,2299.53,484.06,255.5,4.0,0
152.78,1.0,288.37,622.05,288.37,3.0,1
149.06,1.0,317.16,360.17,317.16,0.0,1
98.84,3.0,688.06,314.53,229.35,0.0,1
33.53,8.0,2027.17,185.73,253.4,4.0,0
33.2,7.0,2717.37,537.26,388.2,4.0,0
21.43,11.0,3353.22,391.75,304.84,7.0,0
23.2,4.0,511.38,654.11,127.84,7.0,0
206.73,1.0,448.07,455.01,448.07,1.0,1
18.49,11.0,2794.38,194.08,254.03,4.0,0
69.69,11.0,2280.36,327.64,207.31,2.0,0
13.45,4.0,1030.97,193.57,257.74,1.0,0
43.5,6.0,1501.76,251.46,250.29,6.0,0
11.4,10.0,3826.02,230.23,382.6,5.0,0
46.21,0.0,0.0,468.32,0.0,1.0,1
138.2,1.0,254.39,277.69,254.39,0.0,1
18.37,11.0,2504.93,92.17,227.72,3.0,0
29.9,7.0,3328.81,433.62,475.54,4.0,0
176.1,5.0,1704.19,365.4,340.84,0.0,1
9.26,10.0,2416.71,415.92,241.67,2.0,0
13.22,7.0,1761.67,219.49,251.67,1.0,0
30.46,11.0,1228.25,447.79,111.66,3.0,0
137.35,2.0,457.89,365.47,228.94,0.0,1
148.76,1.0,264.13,513.94,264.13,0.0,1
191.72,3.0,1175.0,425.54,391.67,1.0,1
64.71,6.0,1682.52,139.91,280.42,3.0,0
92.14,2.0,853.71,556.72,426.86,0.0,1
217.44,0.0,0.0,372.77,0.0,0.0,1
104.31,1.0,452.29,577.51,452.29,1.0,1
112.49,2.0,487.04,426.98,243.52,0.0,1
218.71,4.0,865.1,473.76,216.28,1.0,1
0.0,10.0,3355.56,543.51,335.56,5.0,0
64.38,0.0,0.0,64.38,0.0,0.0,1
142.9,3.0,782.82,351.92,260.94,0.0,1
16.62,5.0,1909.29,200.47,381.86,2.0,0
30.0,12.0,1695.9,30.0,141.33,1.0,0
26.17,9.0,3023.5,536.63,335.94,7.0,0
42.53,5.0,1460.38,466.62,292.08,2.0,0
149.92,0.0,0.0,300.81,0.0,3.0,1
144.13,0.0,0.0,241.97,0.0,0.0,1
47.95,6.0,1455.59,493.06,242.6,1.0,0
20.12,13.0,3701.6,115.47,284.74,1.0,0
108.1,1.0,313.36,332.03,313.36,1.0,1
30.68,9.0,2728.2,324.63,303.13,8.0,0
36.94,6.0,2413.93,419.61,402.32,2.0,0
57.54,8.0,1128.27,574.61,141.03,5.0,0
41.01,8.0,2682.98,372.81,335.37,5.0,0
19.24,9.0,2023.3,704.2,224.81,2.0,0
140.94,2.0,472.26,530.11,236.13,1.0,1
27.9,7.0,2031.73,213.52,290.25,6.0,0
14.52,6.0,1675.17,540.7,279.19,4.0,0
22.42,9.0,1826.73,121.26,202.97,2.0,0
54.44,9.0,1031.11,270.44,114.57,2.0,0
150.31,1.0,329.49,452.13,329.49,1.0,1
74.06,4.0,1531.93,285.69,382.98,1.0,1
39.98,8.0,2093.14,388.98,261.64,5.0,0
19.76,7.0,1617.39,482.99,231.06,5.0,0
162.22,0.0,0.0,468.74,0.0,0.0,1
35.52,2.0,898.5,526.94,449.25,2.0,1
287.92,3.0,1042.06,680.79,347.35,0.0,1
181.9,2.0,348.51,362.53,174.25,1.0,1
148.46,1.0,250.03,170.51,250.03,0.0,1
191.8,1.0,220.76,465.85,220.76,1.0,1
143.64,0.0,0.0,504.91,0.0,0.0,1
24.49,12.0,2321.89,149.13,193.49,5.0,0
149.29,0.0,0.0,698.3,0.0,0.0,1
148.7,0.0,0.0,379.29,0.0,0.0,1
209.22,0.0,0.0,238.66,0.0,0.0,1
201.66,1.0,375.79,484.34,375.79,0.0,1
149.82,0.0,0.0,422.19,0.0,0.0,1
215.12,2.0,494.43,442.54,247.22,2.0,1
20.55,10.0,2712.08,251.5,271.21,8.0,0
37.65,12.0,3587.48,405.32,298.96,5.0,0
197.4,3.0,895.68,502.26,298.56,0.0,1
4.56,10.0,3433.2,359.64,343.32,3.0,0
50.45,6.0,1573.92,275.81,262.32,3.0,0
204.71,1.0,390.17,229.82,390.17,0.0,1
29.1,12.0,2589.67,617.53,215.81,1.0,0
21.72,12.0,5204.6,353.01,433.72,4.0,0
135.72,2.0,434.03,479.29,217.01,2.0,1
80.8,0.0,0.0,415.71,0.0,1.0,1
119.54,3.0,714.67,328.72,238.22,0.0,1
241.81,1.0,360.77,369.42,360.77,0.0,1
14.71,11.0,2517.18,417.67,228.83,4.0,0
13.22,5.0,1597.99,304.73,319.6,8.0,0
2.98,14.0,5437.98,295.7,388.43,2.0,0
15.84,12.0,2831.35,338.9,235.95,6.0,0
195.66,1.0,363.18,285.67,363.18,3.0,1
47.3,6.0,640.62,307.53,106.77,3.0,0
21.42,14.0,3846.15,425.71,274.73,5.0,0
67.09,12.0,4029.23,427.94,335.77,9.0,0
28.09,7.0,2009.18,552.79,287.03,4.0,0
6.59,11.0,4316.77,571.92,392.43,4.0,0
150.61,3.0,1023.01,404.08,341.0,1.0,1
46.95,9.0,2724.77,647.33,302.75,4.0,0
39.6,10.0,2556.78,470.54,255.68,9.0,0
33.09,10.0,1934.85,511.41,193.48,8.0,0
0.0,11.0,1961.77,472.46,178.34,5.0,0
0.0,16.0,5217.58,258.61,326.1,3.0,0
0.0,7.0,2183.22,529.19,311.89,0.0,0
124.94,1.0,218.3,459.19,218.3,0.0,1
31.08,3.0,705.52,359.86,235.17,5.0,0
76.82,5.0,2023.2,235.42,404.64,5.0,0
54.03,14.0,2282.87,195.95,163.06,4.0,0
11.07,8.0,2607.94,485.61,325.99,5.0,0
30.0,0.0,0.0,30.0,0.0,3.0,1
0.0,11.0,2054.36,209.39,186.76,2.0,0
21.37,9.0,2727.25,364.01,303.03,2.0,0
185.1,2.0,623.29,219.49,311.64,0.0,1
116.4,2.0,1006.29,263.85,503.14,5.0,1
178.63,1.0,122.08,446.31,122.08,2.0,1
128.87,0.0,0.0,144.38,0.0,1.0,1
127.17,2.0,574.22,420.11,287.11,1.0,1
164.02,1.0,284.07,372.3,284.07,4.0,1
31.18,2.0,622.9,277.39,311.45,4.0,0
45.43,6.0,1455.03,384.95,242.5,4.0,0
51.14,7.0,861.15,218.19,123.02,5.0,0
113.93,1.0,383.21,453.73,383.21,0.0,1
31.21,7.0,1537.82,310.26,219.69,1.0,0
12.77,9.0,2621.67,341.33,291.3,3.0,0
91.23,2.0,213.9,238.47,106.95,1.0,1
49.63,13.0,2879.15,441.35,221.47,3.0,0
31.86,6.0,1711.46,488.45,285.24,10.0,0
164.38,0.0,0.0,263.34,0.0,0.0,1
3.36,7.0,952.32,604.79,136.05,6.0,0
37.86,1.0,396.13,306.53,396.13,0.0,1
98.14,1.0,328.35,242.15,328.35,1.0,1
30.12,10.0,2699.02,241.34,269.9,9.0,0
175.74,1.0,148.72,175.74,148.72,0.0,1
38.17,11.0,3341.7,356.21,303.79,6.0,0
0.0,10.0,3601.83,600.98,360.18,1.0,0
77.62,1.0,268.63,607.71,268.63,2.0,1
10.74,7.0,670.61,455.91,95.8,7.0,0
31.32,10.0,2350.14,486.8,235.01,3.0,0
190.39,1.0,380.35,691.98,380.35,0.0,1
117.29,1.0,274.06,446.76,274.06,1.0,1
98.8,2.0,58.33,458.07,29.16,1.0,1
22.21,9.0,3709.12,391.8,412.12,8.0,0
66.27,8.0,1515.86,434.19,189.48,2.0,0
127.84,1.0,341.47,523.6,341.47,0.0,1
10.15,5.0,1339.01,247.57,267.8,4.0,0
34.99,8.0,2154.0,576.71,269.25,2.0,0
106.3,1.0,271.39,636.55,271.39,0.0,1
59.02,3.0,852.5,205.98,284.17,0.0,1
47.75,11.0,3901.4,229.38,354.67,2.0,0
112.75,1.0,429.36,145.66,429.36,0.0,1
91.76,3.0,912.34,175.46,304.11,2.0,1
163.21,1.0,240.18,367.75,240.18,0.0,1
109.47,1.0,265.85,185.84,265.85,3.0,1
48.1,4.0,1375.76,492.1,343.94,8.0,0
11.38,2.0,597.09,483.98,298.55,3.0,0
62.42,7.0,2356.52,542.08,336.65,6.0,0
13.11,8.0,2962.83,406.92,370.35,3.0,0
41.73,5.0,1395.72,233.86,279.14,6.0,0
178.06,1.0,254.89,285.6,254.89,3.0,1
7.31,10.0,3314.09,429.69,331.41,9.0,0
0.45,7.0,2114.01,479.65,302.0,4.0,0
46.16,4.0,1622.23,46.16,405.56,0.0,1
55.43,11.0,3460.29,113.19,314.57,0.0,0
152.38,3.0,784.43,294.74,261.48,2.0,1
24.6,13.0,3820.77,316.12,293.91,4.0,0
30.0,2.0,745.24,30.0,372.62,2.0,1
149.72,2.0,811.47,428.14,405.74,1.0,1
3.33,11.0,1295.31,597.38,117.76,5.0,0
27.32,5.0,1012.47,416.48,202.49,5.0,0
17.09,6.0,789.46,273.16,131.58,3.0,0
30.0,9.0,2577.08,30.0,286.34,2.0,0
161.11,0.0,0.0,485.91,0.0,0.0,1
12.15,6.0,876.07,280.32,146.01,6.0,0
213.12,0.0,0.0,275.55,0.0,0.0,1
132.76,3.0,1215.66,603.48,405.22,1.0,1
24.71,12.0,3708.43,515.47,309.04,5.0,0
0.0,9.0,1764.36,474.44,196.04,6.0,0
45.9,5.0,2548.11,420.67,509.62,2.0,0
128.39,0.0,0.0,582.34,0.0,0.0,1
89.18,0.0,0.0,192.35,0.0,1.0,1
31.63,10.0,2587.64,620.03,258.76,4.0,0
18.69,3.0,619.7,609.41,206.57,3.0,0
124.32,2.0,374.91,124.32,187.46,1.0,1
13.05,6.0,1596.69,486.33,266.12,3.0,0
59.66,4.0,1038.63,304.16,259.66,5.0,0
32.32,8.0,2002.87,533.72,250.36,0.0,0
136.09,4.0,1117.77,427.89,279.44,2.0,1
177.5,3.0,914.94,426.92,304.98,0.0,1
56.3,6.0,1563.38,442.35,260.56,6.0,0
85.7,1.0,100.3,247.99,100.3,2.0,1
128.99,4.0,1130.33,128.99,282.58,1.0,1
23.55,4.0,1490.02,464.87,372.5,3.0,0
21.7,11.0,1556.92,593.92,141.54,6.0,0
26.8,8.0,1376.71,259.71,172.09,1.0,0
8.63,8.0,3112.19,470.17,389.02,2.0,0
0.0,9.0,2161.11,426.86,240.12,5.0,0
21.84,6.0,1417.8,560.98,236.3,4.0,0
158.14,2.0,668.98,457.32,334.49,1.0,1
151.71,2.0,371.69,527.27,185.84,0.0,1
113.16,1.0,458.28,466.61,458.28,1.0,1
53.12,10.0,4209.01,367.22,420.9,8.0,0
171.32,2.0,806.7,206.36,403.35,0.0,1
44.47,0.0,0.0,510.78,0.0,0.0,1
13.36,5.0,2199.63,283.75,439.93,2.0,0
59.58,6.0,1762.09,312.16,293.68,3.0,0
203.15,3.0,1008.09,328.04,336.03,0.0,1
184.61,1.0,214.23,282.66,214.23,1.0,1
13.69,9.0,2394.37,436.9,266.04,1.0,0
0.0,8.0,980.68,182.84,122.58,9.0,0
134.44,1.0,193.4,440.89,193.4,1.0,1
163.83,3.0,580.45,423.23,193.48,1.0,1
158.76,2.0,547.76,384.95,273.88,1.0,1
49.73,5.0,1950.25,367.57,390.05,4.0,0
0.0,9.0,2282.7,343.17,253.63,7.0,0
37.65,10.0,3473.22,488.02,347.32,4.0,0
169.47,1.0,372.24,267.04,372.24,0.0,1
156.89,1.0,393.34,545.55,393.34,0.0,1
45.38,3.0,740.62,332.82,246.87,4.0,0
9.29,5.0,1410.57,216.32,282.11,6.0,0
9.82,8.0,3385.41,416.87,423.18,4.0,0
0.0,7.0,2116.45,172.02,302.35,5.0,0
51.04,9.0,2320.49,177.44,257.83,4.0,0
40.41,11.0,2550.39,283.31,231.85,4.0,0
42.42,11.0,2751.53,325.83,250.14,3.0,0
8.15,4.0,925.91,271.93,231.48,3.0,0
130.84,3.0,330.05,563.88,110.02,1.0,1
93.04,1.0,211.88,485.95,211.88,0.0,1
24.47,8.0,1308.64,366.43,163.58,5.0,0
132.57,0.0,0.0,147.61,0.0,0.0,1
24.54,9.0,1948.31,316.74,216.48,6.0,0
101.33,2.0,351.93,369.62,175.97,1.0,1
18.29,4.0,870.0,238.79,217.5,3.0,0
87.72,2.0,940.53,299.98,470.26,0.0,1
242.98,0.0,0.0,436.18,0.0,2.0,1
39.35,6.0,1309.88,289.21,218.31,11.0,0
244.99,1.0,258.21,489.49,258.21,0.0,1
120.75,2.0,614.29,189.56,307.14,2.0,1
39.92,14.0,3551.65,421.76,253.69,3.0,0
48.4,5.0,1479.95,378.45,295.99,6.0,0
170.33,2.0,520.81,369.76,260.4,1.0,1
35.44,11.0,1444.91,186.67,131.36,2.0,0
21.27,8.0,2033.12,280.63,254.14,1.0,0
167.96,3.0,442.98,266.58,147.66,2.0,1
35.58,4.0,1145.06,229.92,286.26,3.0,0
7.77,6.0,2234.25,442.46,372.38,5.0,0
29.38,9.0,2755.59,86.49,306.18,5.0,0
61.98,7.0,1971.43,92.93,281.63,5.0,0
203.47,0.0,0.0,375.03,0.0,2.0,1
0.6,10.0,1644.1,171.96,164.41,3.0,0
149.24,4.0,1358.97,405.95,339.74,0.0,1
80.65,1.0,305.26,434.82,305.26,1.0,1
45.43,6.0,1444.42,452.03,240.74,7.0,0
87.55,0.0,0.0,132.15,0.0,1.0,1
36.11,8.0,3305.6,290.66,413.2,4.0,0
0.0,14.0,3873.37,746.72,276.67,6.0,0
51.24,9.0,2449.95,499.53,272.22,4.0,0
37.2,5.0,2193.94,326.32,438.79,6.0,0
153.84,2.0,471.14,414.91,235.57,1.0,1
155.85,4.0,735.24,316.19,183.81,0.0,1
20.3,6.0,1641.21,312.76,273.54,5.0,0
26.13,11.0,3873.49,717.89,352.14,7.0,0
19.43,5.0,1110.34,447.3,222.07,5.0,0
24.81,8.0,1087.4,258.05,135.93,4.0,0
26.95,7.0,1854.13,163.27,264.88,6.0,0
52.11,15.0,2942.05,393.73,196.14,3.0,0
134.18,1.0,308.56,487.51,308.56,1.0,1
159.75,1.0,262.41,290.03,262.41,0.0,1
19.35,2.0,748.96,551.75,374.48,2.0,1
12.18,4.0,1066.59,455.45,266.65,4.0,0
23.48,0.0,0.0,422.4,0.0,1.0,1
50.78,10.0,1790.97,356.48,179.1,2.0,0
151.37,3.0,601.4,398.02,200.47,1.0,1
0.0,4.0,485.76,456.2,121.44,3.0,0
113.7,5.0,364.82,377.86,72.96,0.0,1
169.41,0.0,0.0,557.14,0.0,1.0,1
140.17,0.0,0.0,492.39,0.0,0.0,1
67.35,0.0,0.0,286.83,0.0,0.0,1
136.33,2.0,462.96,170.12,231.48,3.0,1
16.34,4.0,1020.36,311.32,255.09,0.0,0
192.2,2.0,759.57,421.45,379.79,0.0,1
79.4,2.0,457.9,705.53,228.95,1.0,1
128.07,3.0,544.1,361.99,181.37,1.0,1
109.36,2.0,479.66,109.36,239.83,0.0,1
4.57,11.0,2709.82,209.03,246.35,6.0,0
44.79,8.0,3162.5,208.15,395.31,3.0,0
17.5,6.0,1739.26,403.99,289.88,3.0,0
141.1,3.0,936.81,443.09,312.27,1.0,1
36.64,12.0,2644.3,239.63,220.36,4.0,0
29.73,10.0,2606.51,512.41,260.65,5.0,0
15.64,5.0,341.4,462.88,68.28,3.0,0
7.61,11.0,2222.91,328.99,202.08,3.0,0
8.57,13.0,2671.87,338.11,205.53,1.0,0
194.91,1.0,212.25,426.78,212.25,2.0,1
9.62,7.0,2201.64,364.78,314.52,3.0,0
121.23,1.0,419.31,258.38,419.31,3.0,1
20.14,9.0,3246.16,525.36,360.68,2.0,0
43.99,7.0,2111.23,387.26,301.6,2.0,0
0.0,4.0,770.19,176.14,192.55,4.0,0
153.83,3.0,526.87,367.98,175.62,0.0,1
136.48,6.0,2392.16,301.96,398.69,0.0,1
127.99,2.0,389.71,159.79,194.85,2.0,1
171.68,5.0,2235.7,423.58,447.14,5.0,1
20.91,9.0,1978.08,450.44,219.79,5.0,0
37.82,5.0,907.18,375.41,181.44,6.0,0
36.58,7.0,2526.93,327.49,360.99,3.0,0
30.29,7.0,1802.87,434.32,257.55,2.0,0
30.21,8.0,1731.55,324.42,216.44,4.0,0
145.59,2.0,445.96,467.26,222.98,0.0,1
57.22,11.0,1829.2,224.35,166.29,0.0,0
162.4,0.0,0.0,216.96,0.0,1.0,1
42.44,11.0,1681.12,397.57,152.83,5.0,0
16.49,7.0,1795.0,322.71,256.43,3.0,0
38.54,8.0,1960.66,254.74,245.08,3.0,0
45.32,7.0,2738.9,626.71,391.27,4.0,0
137.96,1.0,285.67,737.34,285.67,0.0,1
39.13,10.0,1961.93,122.03,196.19,4.0,0
29.17,6.0,1525.96,385.82,254.33,4.0,0
172.4,1.0,313.34,396.12,313.34,1.0,1
33.33,6.0,2303.98,173.76,384.0,5.0,0
23.8,10.0,3258.76,346.85,325.88,4.0,0
216.16,1.0,251.08,454.53,251.08,2.0,1
189.4,4.0,1691.53,565.6,422.88,1.0,1
33.84,6.0,2431.36,578.85,405.23,2.0,0
39.79,5.0,1833.45,283.14,366.69,2.0,0
46.09,7.0,2116.38,319.73,302.34,3.0,0
23.64,14.0,1793.4,106.77,128.1,2.0,0
142.24,3.0,426.5,578.39,142.17,1.0,1
209.66,4.0,1127.83,405.84,281.96,1.0,1
140.41,2.0,632.36,417.5,316.18,0.0,1
270.3,3.0,649.84,575.12,216.61,2.0,1
55.83,4.0,1573.45,456.62,393.36,8.0,0
38.38,8.0,2218.22,400.83,277.28,1.0,0
0.0,8.0,2156.9,517.84,269.61,4.0,0
20.97,6.0,1879.56,606.99,313.26,3.0,0
190.44,0.0,0.0,472.82,0.0,0.0,1
44.24,6.0,1596.8,466.31,266.13,5.0,0
24.95,7.0,2068.47,658.61,295.5,4.0,0
240.74,2.0,64.05,240.74,32.02,1.0,1
29.75,6.0,1481.01,394.3,246.84,6.0,0
27.74,7.0,1479.56,263.14,211.37,3.0,0
17.27,4.0,1480.82,584.99,370.2,7.0,0
0.0,7.0,1516.21,342.45,216.6,3.0,0
39.37,6.0,1363.28,395.38,227.21,2.0,0
43.57,9.0,2105.0,694.5,233.89,4.0,0
106.65,2.0,623.31,540.44,311.65,2.0,1
6.75,7.0,2033.38,149.34,290.48,3.0,0
0.0,5.0,1178.21,55.0,235.64,5.0,0
45.28,14.0,3002.19,385.95,214.44,6.0,0
20.82,7.0,2591.81,612.88,370.26,1.0,0
183.91,1.0,255.72,242.8,255.72,0.0,1
19.42,12.0,3829.98,243.87,319.17,3.0,0
198.78,0.0,0.0,461.22,0.0,1.0,1
199.76,3.0,557.51,321.43,185.84,0.0,1
51.43,13.0,2123.12,385.51,163.32,2.0,0
92.1,3.0,157.7,455.11,52.57,1.0,1
104.08,2.0,642.5,378.82,321.25,1.0,1
16.53,12.0,2883.57,186.04,240.3,4.0,0
0.0,9.0,935.78,237.82,103.98,3.0,0
106.42,1.0,192.95,497.2,192.95,0.0,1
109.47,0.0,0.0,481.42,0.0,2.0,1
40.49,12.0,5083.72,430.2,423.64,5.0,0
26.22,10.0,1909.66,568.88,190.97,1.0,0
0.0,7.0,2099.1,125.11,299.87,4.0,0
28.92,5.0,1266.07,335.83,253.21,5.0,0
102.71,1.0,239.43,330.64,239.43,0.0,1
22.97,3.0,704.34,310.85,234.78,5.0,0
104.88,0.0,0.0,313.1,0.0,1.0,1
26.36,5.0,1283.19,369.88,256.64,8.0,0
53.05,13.0,4038.31,312.83,310.64,2.0,0
14.5,3.0,1105.95,478.44,368.65,7.0,0
162.61,4.0,1081.82,463.74,270.45,1.0,1
0.0,12.0,1924.01,437.5,160.33,5.0,0
36.49,2.0,839.28,335.2,419.64,1.0,0
51.15,9.0,3527.11,282.15,391.9,3.0,0
46.86,13.0,3689.33,440.91,283.79,3.0,0
33.41,7.0,2374.14,94.34,339.16,5.0,0
69.25,4.0,1358.42,528.99,339.61,1.0,1
37.7,13.0,3711.78,148.64,285.52,5.0,0
26.71,7.0,2856.53,406.8,408.08,3.0,0
26.5,8.0,2312.74,358.35,289.09,5.0,0
97.72,2.0,727.14,476.29,363.57,0.0,1
10.8,8.0,2720.41,405.28,340.05,6.0,0
57.97,10.0,1286.46,458.6,128.65,8.0,0
68.5,11.0,2316.01,296.86,210.55,3.0,0
2.98,5.0,1314.31,306.27,262.86,3.0,0
166.12,1.0,220.5,214.32,220.5,1.0,1
34.03,3.0,717.6,243.72,239.2,0.0,1
130.27,4.0,1436.72,418.04,359.18,0.0,1
106.72,1.0,321.65,450.18,321.65,2.0,1
107.18,0.0,0.0,286.65,0.0,0.0,1
180.04,2.0,386.33,205.97,193.16,2.0,1
29.12,6.0,1758.25,512.85,293.04,3.0,0
114.58,2.0,604.03,190.8,302.01,1.0,1
8.23,11.0,3580.94,399.81,325.54,6.0,0
4.86,3.0,688.95,378.53,229.65,1.0,0
16.53,7.0,2391.83,464.02,341.69,4.0,0
33.67,9.0,1077.67,425.08,119.74,4.0,0
227.29,0.0,0.0,268.71,0.0,1.0,1
159.25,2.0,752.3,270.02,376.15,0.0,1
33.63,7.0,993.99,619.35,142.0,5.0,0
189.31,1.0,429.56,457.54,429.56,0.0,1
66.72,6.0,1855.59,718.72,309.26,2.0,0
25.0,2.0,435.3,419.54,217.65,3.0,0
14.26,13.0,2760.69,262.4,212.36,3.0,0
23.32,4.0,1337.55,379.55,334.39,9.0,0
51.57,10.0,4127.13,240.6,412.71,5.0,0
18.92,7.0,1630.85,305.95,232.98,3.0,0
98.5,2.0,811.54,338.68,405.77,2.0,1
40.23,10.0,2759.23,484.22,275.92,3.0,0
256.42,2.0,652.13,295.81,326.06,0.0,1
42.97,12.0,3327.86,227.41,277.32,5.0,0
27.6,5.0,2188.68,398.25,437.74,7.0,0
32.77,7.0,1407.08,267.81,201.01,1.0,0
3.52,3.0,815.41,316.23,271.8,3.0,0
0.0,11.0,2836.35,173.23,257.85,4.0,0
106.01,1.0,149.83,465.65,149.83,1.0,1
30.0,6.0,1817.29,30.0,302.88,1.0,1
122.4,1.0,141.06,359.6,141.06,3.0,1
4.38,6.0,2467.15,333.04,411.19,7.0,0
114.2,1.0,312.25,392.63,312.25,3.0,1
71.71,0.0,0.0,290.56,0.0,1.0,1
163.96,2.0,193.22,319.71,96.61,0.0,1
36.55,10.0,2822.07,396.05,282.21,2.0,0
167.49,0.0,0.0,179.95,0.0,4.0,1
52.87,8.0,2348.83,376.63,293.6,2.0,0
0.0,10.0,2932.22,315.81,293.22,4.0,0
13.5,10.0,3554.19,335.26,355.42,2.0,0
24.02,5.0,828.17,218.18,165.63,8.0,0
98.26,0.0,0.0,451.84,0.0,0.0,1
31.88,8.0,3577.89,377.66,447.24,5.0,0
2.56,11.0,3648.7,455.07,331.7,2.0,0
19.79,8.0,3308.93,493.12,413.62,8.0,0
33.55,4.0,1443.18,126.06,360.8,0.0,0
82.98,1.0,470.93,508.91,470.93,1.0,1
101.37,1.0,308.91,227.51,308.91,1.0,1
159.1,2.0,696.11,424.28,348.06,1.0,1
21.65,7.0,1422.69,30.0,203.24,2.0,0
33.39,4.0,1379.65,536.05,344.91,2.0,0
36.84,13.0,2931.63,406.15,225.51,5.0,0
7.06,6.0,1264.36,397.07,210.73,2.0,0
0.0,7.0,2339.36,299.83,334.19,2.0,0
39.79,2.0,592.58,350.92,296.29,2.0,0
0.0,9.0,3063.42,275.42,340.38,6.0,0
52.12,7.0,2144.59,159.01,306.37,5.0,0
33.75,12.0,4328.07,212.88,360.67,4.0,0
147.81,2.0,446.81,537.99,223.41,1.0,1
40.24,14.0,5092.74,150.21,363.77,3.0,0
158.28,2.0,817.33,552.81,408.67,0.0,1
31.39,6.0,1402.5,285.29,233.75,2.0,0
28.11,3.0,85.48,343.84,28.49,0.0,1
107.21,0.0,0.0,265.61,0.0,0.0,1
200.06,1.0,178.63,362.35,178.63,0.0,1
159.8,1.0,261.31,543.96,261.31,1.0,1
103.84,3.0,1064.93,276.65,354.98,2.0,1
0.45,12.0,4597.63,192.05,383.14,3.0,0
26.15,10.0,2836.83,30.0,283.68,3.0,0
41.65,15.0,4766.84,448.39,317.79,3.0,0
48.67,11.0,2019.46,67.61,183.59,3.0,0
91.12,5.0,2187.61,421.32,437.52,0.0,1
0.0,7.0,1515.88,369.01,216.55,4.0,0
16.01,10.0,2248.63,673.43,224.86,1.0,0
153.57,0.0,0.0,312.9,0.0,1.0,1
28.4,8.0,2347.5,333.04,293.44,3.0,0
41.16,12.0,5070.94,279.98,422.58,4.0,0
92.82,1.0,273.34,557.12,273.34,0.0,1
69.36,1.0,249.3,411.49,249.3,5.0,0
32.8,11.0,3309.12,234.84,300.83,3.0,0
10.68,13.0,4158.97,552.05,319.92,6.0,0
26.71,6.0,1955.56,540.69,325.93,5.0,0
26.21,12.0,4951.04,433.41,412.59,7.0,0
205.33,2.0,710.07,300.28,355.04,0.0,1
105.26,4.0,837.83,331.96,209.46,0.0,1
12.21,7.0,756.43,563.93,108.06,6.0,0
31.29,7.0,2867.58,623.71,409.65,2.0,0
19.85,10.0,1906.52,320.66,190.65,5.0,0
180.62,2.0,783.13,768.44,391.56,3.0,1
32.6,6.0,2318.28,455.1,386.38,4.0,0
8.83,12.0,3857.4,254.68,321.45,2.0,0
49.32,7.0,1474.41,356.16,210.63,1.0,0
112.99,0.0,0.0,141.64,0.0,0.0,1
102.98,2.0,95.27,268.2,47.63,4.0,1
17.91,5.0,1069.65,502.78,213.93,3.0,0
169.28,2.0,40.0,443.67,20.0,2.0,1
15.79,9.0,3002.06,357.94,333.56,3.0,0
141.75,4.0,1254.1,152.33,313.52,0.0,1
151.85,4.0,1094.79,236.57,273.7,3.0,1
5.06,5.0,1189.13,416.46,237.83,0.0,0
32.81,9.0,2571.45,445.41,285.72,4.0,0
64.22,1.0,388.73,557.44,388.73,0.0,1
46.53,6.0,2439.07,284.59,406.51,3.0,0
54.45,4.0,1364.91,418.94,341.23,3.0,0
31.79,2.0,585.32,598.22,292.66,0.0,1
0.0,11.0,2139.45,342.56,194.5,5.0,0
111.58,1.0,140.98,169.69,140.98,0.0,1
30.07,6.0,2005.18,528.95,334.2,3.0,0
11.24,8.0,1412.98,432.48,176.62,3.0,0
105.71,0.0,0.0,380.21,0.0,2.0,1
159.71,1.0,335.56,395.15,335.56,1.0,1
18.81,6.0,1556.99,537.17,259.5,3.0,0
19.24,7.0,1710.83,505.24,244.4,5.0,0
20.71,13.0,4559.16,732.02,350.7,11.0,0
41.07,3.0,511.4,41.07,170.47,4.0,1
19.97,9.0,3287.42,577.8,365.27,2.0,0
108.76,1.0,284.23,450.84,284.23,0.0,1
1.28,8.0,3479.42,639.03,434.93,4.0,0
119.69,1.0,261.11,240.82,261.11,0.0,1
59.14,6.0,2357.86,355.5,392.98,6.0,0
13.39,7.0,1043.9,381.28,149.13,3.0,0
41.12,6.0,1649.82,298.44,274.97,5.0,0
29.64,11.0,3762.05,447.66,342.0,7.0,0
0.0,9.0,3581.24,130.47,397.92,5.0,0
1.0,1.0,345.6,545.09,345.6,1.0,1
9.83,6.0,861.76,30.0,143.63,4.0,0
55.65,6.0,1372.19,368.83,228.7,3.0,0
25.76,9.0,1848.07,462.84,205.34,1.0,0
0.0,5.0,2112.08,445.67,422.42,2.0,0
15.38,11.0,3668.43,86.05,333.49,2.0,0
170.72,3.0,858.97,334.97,286.32,1.0,1
6.6,6.0,1853.65,237.17,308.94,7.0,0
134.53,2.0,379.96,384.66,189.98,1.0,1
60.64,5.0,510.85,525.92,102.17,2.0,0
133.71,4.0,665.05,633.29,166.26,0.0,1
151.58,2.0,645.77,532.79,322.88,0.0,1
187.29,3.0,875.09,535.41,291.7,3.0,1
21.29,9.0,1787.98,285.49,198.66,4.0,0
119.75,0.0,0.0,631.3,0.0,4.0,1
20.96,10.0,3440.34,614.48,344.03,7.0,0
23.72,9.0,3101.2,400.48,344.58,2.0,0
59.71,4.0,1375.42,320.36,343.86,5.0,0
5.09,7.0,1508.11,253.38,215.44,3.0,0
150.04,2.0,681.92,648.01,340.96,0.0,1
53.99,6.0,2286.81,429.11,381.13,8.0,0
37.98,5.0,1307.88,121.51,261.58,4.0,0
24.82,8.0,1775.5,275.46,221.94,3.0,0
192.13,2.0,920.69,295.92,460.35,3.0,1
35.49,3.0,944.36,565.3,314.79,3.0,0
118.49,2.0,418.14,360.89,209.07,2.0,1
23.75,13.0,5792.26,451.33,445.56,7.0,0
27.39,7.0,2318.14,528.12,331.16,3.0,0
35.4,11.0,2723.26,353.37,247.57,8.0,0
7.61,8.0,1248.56,172.61,156.07,7.0,0
0.0,6.0,2510.69,484.28,418.45,8.0,0
99.39,3.0,392.29,541.25,130.76,1.0,1
0.0,8.0,2036.71,484.37,254.59,5.0,0
0.0,10.0,3814.24,407.51,381.42,2.0,0
45.24,8.0,1516.38,298.49,189.55,4.0,0
65.67,7.0,1507.27,179.74,215.32,7.0,0
6.82,6.0,1783.77,267.63,297.3,3.0,0
166.93,1.0,342.12,240.37,342.12,1.0,1
100.23,3.0,956.31,334.48,318.77,2.0,1
136.36,3.0,445.42,525.83,148.47,0.0,1
1.4,9.0,1199.06,552.45,133.23,2.0,0
12.69,8.0,2360.36,568.65,295.05,6.0,0
18.25,6.0,2082.53,172.33,347.09,3.0,0
208.51,5.0,1369.88,590.86,273.98,0.0,1
45.47,10.0,3692.89,462.11,369.29,4.0,0
3.5,16.0,8036.18,396.63,502.26,3.0,0
97.35,1.0,335.3,315.52,335.3,0.0,1
60.68,13.0,3314.79,146.15,254.98,2.0,0
239.74,4.0,988.44,423.6,247.11,1.0,1
17.58,0.0,0.0,297.92,0.0,1.0,1
236.07,2.0,732.54,369.91,366.27,1.0,1
9.99,15.0,3660.36,172.46,244.02,4.0,0
5.38,9.0,3346.15,259.7,371.79,6.0,0
61.38,10.0,2232.91,475.64,223.29,2.0,0
13.92,10.0,3085.31,214.04,308.53,6.0,0
84.17,2.0,728.44,325.35,364.22,0.0,1
102.44,2.0,586.8,139.69,293.4,1.0,1
51.05,7.0,2839.34,475.68,405.62,5.0,0
9.86,7.0,1281.74,236.37,183.11,1.0,0
98.71,1.0,193.24,257.95,193.24,2.0,1
123.5,0.0,0.0,521.83,0.0,1.0,1
56.91,3.0,862.27,434.37,287.42,0.0,1
45.98,15.0,3777.19,415.42,251.81,4.0,0
33.42,9.0,4480.65,366.25,497.85,3.0,0
25.41,11.0,692.21,386.07,62.93,3.0,0
11.46,14.0,3151.41,202.55,225.1,6.0,0
19.57,10.0,2626.45,226.39,262.64,4.0,0
11.8,9.0,2156.4,665.67,239.6,2.0,0
20.54,7.0,1518.73,114.79,216.96,3.0,0
50.06,0.0,0.0,339.04,0.0,0.0,1
46.11,14.0,4784.2,574.08,341.73,5.0,0
6.74,5.0,1081.3,459.36,216.26,4.0,0
12.11,7.0,544.87,251.96,77.84,2.0,0
0.0,10.0,3359.19,391.37,335.92,2.0,0
28.09,7.0,2407.4,489.57,343.91,2.0,0
6.74,8.0,1503.07,488.09,187.88,0.0,0
125.33,1.0,157.17,381.45,157.17,0.0,1
24.37,11.0,4014.14,279.09,364.92,7.0,0
138.88,0.0,0.0,317.2,0.0,1.0,1
24.0,6.0,1664.8,612.89,277.47,1.0,0
30.0,1.0,296.95,30.0,296.95,1.0,1
30.68,8.0,552.21,472.25,69.03,5.0,0
224.41,1.0,245.59,701.33,245.59,0.0,1
13.44,9.0,2544.03,298.11,282.67,5.0,0
37.99,5.0,1523.99,659.88,304.8,5.0,0
69.12,10.0,2205.09,234.13,220.51,7.0,0
10.74,13.0,5630.98,132.3,433.15,7.0,0
5.54,5.0,1010.33,463.44,202.07,1.0,0
43.14,11.0,2158.78,439.9,196.25,5.0,0
41.67,7.0,2730.56,452.54,390.08,3.0,0
9.32,3.0,1059.84,259.22,353.28,9.0,0
0.0,8.0,1023.0,202.32,127.88,3.0,0
104.31,1.0,386.14,315.58,386.14,1.0,1
0.0,6.0,737.25,414.96,122.88,6.0,0
8.71,7.0,2326.19,369.53,332.31,3.0,0
34.31,8.0,2383.37,539.62,297.92,5.0,0
66.25,2.0,571.35,714.85,285.68,0.0,1
22.1,18.0,6367.23,268.83,353.73,5.0,0
118.51,0.0,0.0,327.12,0.0,1.0,1
103.14,0.0,0.0,435.63,0.0,2.0,1
113.03,2.0,714.98,363.6,357.49,1.0,1
33.1,11.0,4599.19,242.62,418.11,5.0,0
11.49,7.0,1192.02,339.5,170.29,1.0,0
144.75,2.0,798.31,387.68,399.15,0.0,1
197.93,2.0,666.95,472.32,333.48,1.0,1
30.39,4.0,1344.93,126.57,336.23,3.0,0
30.25,5.0,1463.26,243.03,292.65,3.0,0
0.0,7.0,1945.18,418.42,277.88,5.0,0
18.63,9.0,3241.59,504.82,360.18,2.0,0
6.47,7.0,816.53,473.38,116.65,6.0,0
68.71,8.0,2699.7,432.62,337.46,7.0,0
142.68,1.0,125.88,498.45,125.88,2.0,1
169.85,4.0,1480.26,630.94,370.06,1.0,1
152.04,0.0,0.0,364.04,0.0,2.0,1
35.89,13.0,4093.94,449.83,314.92,4.0,0
75.41,2.0,729.2,312.02,364.6,0.0,1
47.19,1.0,237.69,287.2,237.69,8.0,0
45.99,10.0,2624.52,634.35,262.45,4.0,0
163.91,1.0,375.91,519.28,375.91,1.0,1
20.45,5.0,2158.89,347.5,431.78,1.0,0
31.81,10.0,1100.6,371.53,110.06,3.0,0
161.58,2.0,491.99,621.89,246.0,0.0,1
30.0,4.0,1098.04,30.0,274.51,1.0,1
169.53,3.0,1002.99,332.63,334.33,0.0,1
129.44,3.0,896.1,129.44,298.7,1.0,1
16.94,8.0,2156.15,366.62,269.52,3.0,0
40.01,1.0,265.83,395.29,265.83,1.0,1
22.12,7.0,1417.15,276.35,202.45,3.0,0
21.84,7.0,983.15,291.66,140.45,0.0,0
6.5,10.0,2306.34,35.36,230.63,4.0,0
11.6,4.0,878.78,232.76,219.69,3.0,0
0.0,3.0,739.65,466.54,246.55,4.0,0
210.27,1.0,297.27,252.89,297.27,0.0,1
42.51,8.0,2370.87,467.82,296.36,8.0,0
278.81,1.0,244.63,529.7,244.63,0.0,1
58.27,10.0,1305.67,349.34,130.57,6.0,0
5.14,1.0,60.9,582.79,60.9,2.0,1
0.0,9.0,3411.22,653.82,379.02,4.0,0
0.0,12.0,2722.33,306.01,226.86,7.0,0
32.66,7.0,1591.78,208.12,227.4,4.0,0
205.18,3.0,564.54,467.72,188.18,2.0,1
164.99,1.0,401.24,288.39,401.24,2.0,1
143.12,1.0,411.48,430.74,411.48,0.0,1
51.27,6.0,855.21,361.28,142.53,4.0,0
81.6,1.0,325.27,468.03,325.27,0.0,1
113.78,3.0,533.49,302.25,177.83,2.0,1
30.64,8.0,1277.97,387.92,159.75,4.0,0
99.16,2.0,415.77,378.62,207.88,3.0,1
22.85,6.0,1995.88,269.21,332.65,4.0,0
40.05,3.0,877.37,507.45,292.46,1.0,0
61.19,8.0,994.16,286.14,124.27,3.0,0
23.34,10.0,4077.76,462.73,407.78,8.0,0
117.81,0.0,0.0,159.26,0.0,1.0,1
186.21,5.0,1786.6,416.27,357.32,1.0,1
2.58,1.0,319.56,274.15,319.56,2.0,1
112.36,0.0,0.0,492.92,0.0,1.0,1
0.0,15.0,3656.35,495.85,243.76,6.0,0
63.04,1.0,192.0,415.48,192.0,0.0,1
48.03,13.0,4501.79,506.74,346.29,6.0,0
38.87,6.0,853.37,158.84,142.23,5.0,0
185.64,2.0,349.47,401.1,174.74,0.0,1
193.22,3.0,867.98,381.37,289.33,1.0,1
19.33,12.0,3235.79,361.3,269.65,5.0,0
37.78,9.0,2075.6,436.38,230.62,4.0,0
62.03,4.0,1072.97,363.92,268.24,2.0,0
23.38,8.0,1513.46,458.74,189.18,2.0,0
34.61,9.0,1252.17,405.08,139.13,3.0,0
23.03,8.0,2200.12,563.36,275.01,9.0,0
45.42,10.0,2414.67,275.82,241.47,3.0,0
52.66,10.0,2764.32,468.06,276.43,5.0,0
37.41,7.0,1494.18,378.72,213.45,4.0,0
2.64,5.0,1044.66,318.83,208.93,2.0,0
19.05,4.0,865.45,253.54,216.36,2.0,0
3.01,10.0,3562.02,605.96,356.2,6.0,0
133.16,0.0,0.0,358.46,0.0,0.0,1
59.78,8.0,2330.34,142.71,291.29,7.0,0
163.42,1.0,318.94,441.77,318.94,0.0,1
0.0,9.0,2961.73,316.64,329.08,5.0,0
110.29,1.0,509.24,337.92,509.24,2.0,1
204.75,2.0,768.72,502.94,384.36,0.0,1
41.05,5.0,1143.17,643.69,228.63,4.0,0
27.36,5.0,1893.03,350.89,378.61,5.0,0
91.8,3.0,311.15,364.03,103.72,0.0,1
22.14,5.0,584.74,184.81,116.95,7.0,0
108.32,2.0,676.88,279.57,338.44,0.0,1
25.73,13.0,5545.11,349.15,426.55,0.0,0
0.0,4.0,1819.05,400.97,454.76,1.0,0
221.22,3.0,1136.76,332.43,378.92,1.0,1
1.06,7.0,1200.46,268.17,171.49,8.0,0
33.47,9.0,2857.04,272.38,317.45,3.0,0
24.38,3.0,1007.7,136.46,335.9,8.0,0
119.39,1.0,345.59,510.74,345.59,2.0,1
44.82,11.0,4114.01,559.65,374.0,3.0,0
156.99,1.0,227.9,245.07,227.9,0.0,1
141.56,1.0,385.14,222.13,385.14,1.0,1
54.24,0.0,0.0,608.82,0.0,0.0,1
207.22,2.0,509.29,376.07,254.65,1.0,1
131.5,0.0,0.0,431.0,0.0,1.0,1
152.19,0.0,0.0,465.31,0.0,1.0,1
18.77,6.0,1231.03,530.54,205.17,5.0,0
177.57,0.0,0.0,308.71,0.0,2.0,1
35.19,13.0,3830.7,269.7,294.67,3.0,0
28.83,6.0,1790.44,322.18,298.41,1.0,0
8.63,8.0,2199.75,354.28,274.97,0.0,0
3.87,5.0,680.9,217.4,136.18,6.0,0
82.77,1.0,406.65,330.03,406.65,1.0,1
32.15,9.0,3684.98,230.91,409.44,4.0,0
38.79,12.0,4581.72,584.48,381.81,4.0,0
42.27,6.0,2220.59,188.81,370.1,6.0,0
126.43,1.0,269.91,561.9,269.91,1.0,1
116.39,2.0,776.73,425.66,388.37,0.0,1
154.72,1.0,264.65,405.46,264.65,3.0,1
163.09,0.0,0.0,163.09,0.0,0.0,1
51.53,6.0,2102.21,203.24,350.37,3.0,0
25.32,10.0,2707.31,354.08,270.73,5.0,0
27.9,8.0,1668.13,381.0,208.52,3.0,0
209.89,2.0,596.32,209.89,298.16,0.0,1
3.96,8.0,2033.19,268.43,254.15,4.0,0
202.1,1.0,361.87,208.93,361.87,0.0,1
18.74,12.0,4326.26,30.0,360.52,6.0,0
68.76,1.0,312.77,445.17,312.77,0.0,1
90.13,0.0,0.0,316.32,0.0,2.0,1
3.96,15.0,3738.94,422.11,249.26,5.0,0
44.66,7.0,2334.62,259.9,333.52,7.0,0
0.0,4.0,864.0,437.76,216.0,2.0,0
209.76,2.0,556.1,509.02,278.05,1.0,1
154.28,0.0,0.0,258.91,0.0,1.0,1
14.3,8.0,2166.31,123.24,270.79,2.0,0
121.76,1.0,226.24,281.55,226.24,1.0,1
43.89,7.0,1989.16,328.62,284.17,1.0,0
19.07,4.0,1121.09,383.99,280.27,3.0,0
165.96,6.0,2348.29,588.23,391.38,0.0,1
3.6,10.0,1659.55,252.22,165.95,2.0,0
15.09,4.0,1624.19,434.89,406.05,5.0,0
158.13,2.0,549.27,377.23,274.63,2.0,1
129.46,0.0,0.0,624.32,0.0,0.0,1
163.99,0.0,0.0,443.38,0.0,2.0,1
2.23,6.0,1378.12,147.58,229.69,4.0,0
168.7,1.0,256.0,310.97,256.0,2.0,1
0.0,8.0,1761.73,336.81,220.22,6.0,0
1.93,4.0,1301.87,446.8,325.47,4.0,0
30.74,6.0,1723.48,232.42,287.25,4.0,0
247.12,3.0,600.83,467.0,200.28,3.0,1
86.04,1.0,394.82,440.18,394.82,1.0,1
24.96,12.0,1899.68,458.16,158.31,8.0,0
135.95,0.0,0.0,476.15,0.0,0.0,1
35.17,8.0,3951.44,361.75,493.93,0.0,0
57.93,0.0,0.0,57.93,0.0,3.0,1
24.15,3.0,1089.45,230.15,363.15,2.0,0
19.74,7.0,2589.4,340.07,369.91,6.0,0
135.06,3.0,1189.33,358.41,396.44,3.0,1
44.15,6.0,1947.68,602.87,324.61,3.0,0
178.59,1.0,375.2,628.13,375.2,2.0,1
144.28,1.0,294.87,377.37,294.87,1.0,1
21.28,12.0,3998.61,182.52,333.22,5.0,0
13.05,6.0,437.42,468.61,72.9,4.0,0
35.27,10.0,3387.72,286.25,338.77,3.0,0
39.56,8.0,1997.89,720.66,249.74,5.0,0
88.36,0.0,0.0,464.77,0.0,0.0,1
30.79,8.0,2984.57,426.57,373.07,3.0,0
32.92,8.0,2015.37,573.06,251.92,3.0,0
100.52,2.0,751.66,305.2,375.83,0.0,1
153.91,0.0,0.0,368.79,0.0,0.0,1
28.62,7.0,1969.35,472.46,281.34,1.0,0
166.7,2.0,609.02,187.55,304.51,0.0,1
39.26,7.0,1861.03,529.34,265.86,0.0,0
165.84,1.0,269.1,218.84,269.1,2.0,1
63.9,6.0,1535.27,423.03,255.88,2.0,0
21.53,3.0,989.84,511.91,329.95,3.0,0
94.4,1.0,399.97,420.66,399.97,0.0,1
20.75,9.0,2855.99,513.21,317.33,6.0,0
43.79,8.0,2560.69,69.27,320.09,2.0,0
0.0,6.0,2143.36,214.2,357.23,10.0,0
212.98,1.0,281.23,212.98,281.23,0.0,1
54.34,14.0,3105.74,534.56,221.84,2.0,0
200.81,0.0,0.0,552.65,0.0,0.0,1
152.04,0.0,0.0,446.52,0.0,2.0,1
12.2,11.0,3048.05,375.47,277.1,4.0,0
80.35,1.0,232.01,209.79,232.01,2.0,1
64.77,3.0,930.73,642.66,310.24,2.0,1
103.73,2.0,657.71,457.31,328.86,0.0,1
109.55,2.0,403.79,109.55,201.9,0.0,1
32.87,9.0,2503.63,359.88,278.18,5.0,0
20.85,6.0,1261.69,667.14,210.28,2.0,0
74.85,1.0,384.37,148.58,384.37,1.0,1
190.16,0.0,0.0,565.37,0.0,1.0,1
77.31,0.0,0.0,343.63,0.0,2.0,1
0.0,7.0,1917.26,202.28,273.89,4.0,0
134.78,1.0,427.16,363.27,427.16,0.0,1
78.58,12.0,2286.06,325.14,190.5,2.0,0
155.93,0.0,0.0,480.53,0.0,0.0,1
200.24,1.0,438.99,337.0,438.99,0.0,1
151.0,0.0,0.0,477.96,0.0,0.0,1
14.33,4.0,981.97,482.56,245.49,7.0,0
0.0,7.0,2707.73,417.73,386.82,4.0,0
20.15,8.0,2142.76,46.74,267.85,2.0,0
19.11,8.0,2299.97,30.0,287.5,5.0,0
155.66,3.0,670.39,686.81,223.46,2.0,1
27.46,7.0,1314.96,619.85,187.85,4.0,0
18.51,4.0,1435.44,431.22,358.86,5.0,0
88.81,0.0,0.0,462.09,0.0,1.0,1
30.23,9.0,1482.94,495.53,164.77,7.0,0
30.13,9.0,2239.36,508.38,248.82,3.0,0
36.6,5.0,1593.11,626.1,318.62,5.0,0
152.89,1.0,241.14,378.71,241.14,4.0,1
15.61,7.0,2103.18,616.2,300.45,5.0,0
164.25,2.0,424.74,435.42,212.37,3.0,1
185.74,3.0,967.93,672.62,322.64,1.0,1
0.0,8.0,2632.16,219.19,329.02,1.0,0
24.31,5.0,887.3,298.38,177.46,4.0,0
29.93,4.0,1708.47,595.59,427.12,1.0,0
19.36,5.0,1863.56,269.87,372.71,2.0,0
52.43,16.0,6109.22,327.28,381.83,5.0,0
35.84,5.0,1142.4,467.16,228.48,10.0,0
0.0,6.0,1816.0,509.9,302.67,3.0,0
13.53,11.0,2009.37,255.04,182.67,4.0,0
0.5,8.0,1601.7,573.43,200.21,6.0,0
29.08,13.0,4743.44,364.8,364.88,7.0,0
65.89,1.0,318.2,529.6,318.2,1.0,1
119.98,1.0,194.98,474.68,194.98,0.0,1
119.11,2.0,382.05,305.61,191.03,1.0,1
16.09,8.0,1841.65,613.88,230.21,2.0,0
90.1,2.0,389.95,349.9,194.97,3.0,1
6.48,10.0,2857.07,450.7,285.71,2.0,0
0.0,6.0,862.66,30.0,143.78,4.0,0
90.08,0.0,0.0,322.49,0.0,1.0,1
19.42,9.0,1943.69,101.02,215.97,4.0,0
12.47,10.0,2280.46,486.2,228.05,2.0,0
9.76,8.0,2379.52,344.65,297.44,6.0,0
8.26,3.0,883.42,329.75,294.47,0.0,1
30.39,7.0,2474.79,272.61,353.54,3.0,0
25.94,10.0,3424.81,445.53,342.48,4.0,0
121.61,1.0,295.92,347.15,295.92,1.0,1
0.0,5.0,918.39,525.99,183.68,2.0,0
45.74,6.0,1662.14,425.04,277.02,2.0,0
15.6,4.0,1330.26,327.88,332.56,4.0,0
3.1,1.0,242.89,423.31,242.89,1.0,1
46.98,10.0,2159.41,438.21,215.94,2.0,0
172.17,1.0,304.09,254.1,304.09,0.0,1
25.91,6.0,1380.74,430.61,230.12,3.0,0
45.52,6.0,2416.87,418.4,402.81,3.0,0
47.96,7.0,2706.06,500.37,386.58,7.0,0
126.47,1.0,444.43,404.43,444.43,0.0,1
14.73,13.0,5487.23,566.55,422.09,2.0,0
38.48,8.0,2605.32,335.21,325.67,4.0,0
23.91,8.0,2112.82,707.85,264.1,2.0,0
199.44,1.0,349.27,527.21,349.27,2.0,1
2.88,7.0,1048.63,488.94,149.8,1.0,0
144.09,2.0,631.79,386.14,315.89,1.0,1
33.06,7.0,1451.62,418.66,207.37,5.0,0
35.79,11.0,3200.63,243.65,290.97,3.0,0
150.83,1.0,277.85,445.09,277.85,3.0,1
168.29,3.0,838.69,251.17,279.56,1.0,1
29.11,11.0,3939.49,509.97,358.14,2.0,0
26.12,3.0,387.29,541.62,129.1,3.0,0
52.86,2.0,313.85,377.07,156.93,1.0,1
128.54,1.0,461.11,401.49,461.11,2.0,1
20.87,6.0,1627.77,546.25,271.3,3.0,0
191.16,0.0,0.0,617.71,0.0,3.0,1
142.41,1.0,273.64,594.5,273.64,1.0,1
41.71,7.0,2310.76,314.92,330.11,7.0,0
93.39,1.0,259.02,453.17,259.02,0.0,1
44.71,8.0,2119.36,231.21,264.92,9.0,0
117.16,2.0,677.85,117.16,338.93,0.0,1
52.51,3.0,655.74,621.43,218.58,6.0,0
150.55,0.0,0.0,581.16,0.0,2.0,1
35.34,5.0,1323.3,373.47,264.66,5.0,0
172.88,3.0,975.01,378.75,325.0,0.0,1
12.98,10.0,918.46,282.79,91.85,1.0,0
166.19,0.0,0.0,643.98,0.0,1.0,1
22.37,9.0,2352.51,435.13,261.39,6.0,0
27.94,10.0,3407.17,203.81,340.72,2.0,0
33.61,16.0,6521.9,517.71,407.62,1.0,0
39.04,9.0,2647.81,410.41,294.2,4.0,0
18.29,9.0,2807.21,295.35,311.91,2.0,0
1.52,8.0,798.6,298.99,99.83,6.0,0
98.43,0.0,0.0,295.87,0.0,0.0,1
0.0,8.0,1649.41,486.58,206.18,3.0,0
12.15,8.0,2298.96,528.26,287.37,4.0,0
108.15,0.0,0.0,122.74,0.0,1.0,1
16.71,11.0,3099.53,462.79,281.78,8.0,0
22.47,10.0,2391.63,488.78,239.16,2.0,0
226.17,1.0,361.8,427.55,361.8,1.0,1
53.83,5.0,1825.02,258.69,365.0,3.0,0
173.54,0.0,0.0,202.92,0.0,1.0,1
31.18,4.0,1573.32,345.03,393.33,6.0,0
25.69,1.0,294.94,387.63,294.94,1.0,1
83.68,0.0,0.0,253.22,0.0,1.0,1
33.53,4.0,930.78,365.46,232.69,6.0,0
259.85,3.0,1255.75,450.22,418.58,1.0,1
211.41,3.0,602.89,432.58,200.96,2.0,1
15.39,5.0,541.48,476.07,108.3,3.0,0
188.85,1.0,253.33,293.73,253.33,0.0,1
58.82,3.0,729.88,452.8,243.29,2.0,0
139.04,0.0,0.0,441.2,0.0,0.0,1
143.79,1.0,386.3,333.44,386.3,0.0,1
60.72,10.0,3142.87,362.22,314.29,3.0,0
99.89,2.0,579.16,456.83,289.58,0.0,1
8.62,12.0,1356.87,485.73,113.07,7.0,0
151.38,1.0,241.62,193.28,241.62,1.0,1
23.68,9.0,2420.93,392.32,268.99,5.0,0
21.9,5.0,737.76,267.78,147.55,7.0,0
7.58,8.0,1842.43,148.13,230.3,1.0,0
75.83,3.0,371.87,387.76,123.96,1.0,1
141.42,5.0,2039.84,345.24,407.97,0.0,1
98.5,0.0,0.0,305.48,0.0,2.0,1
44.42,6.0,1891.08,321.34,315.18,4.0,0
44.3,7.0,2717.16,94.87,388.17,0.0,0
129.3,1.0,242.36,357.8,242.36,2.0,1
89.28,2.0,668.93,534.73,334.46,0.0,1
0.0,7.0,2281.55,242.12,325.94,4.0,0
37.7,5.0,1734.17,274.21,346.83,3.0,0
28.0,12.0,6404.67,277.48,533.72,4.0,0
25.88,8.0,1968.52,210.36,246.06,2.0,0
11.51,13.0,3482.95,275.19,267.92,5.0,0
15.19,3.0,614.4,157.66,204.8,4.0,0
0.0,10.0,3483.21,764.15,348.32,3.0,0
82.81,1.0,356.67,220.31,356.67,2.0,1
0.0,8.0,1973.63,307.92,246.7,2.0,0
52.76,8.0,2291.71,431.23,286.46,4.0,0
137.34,1.0,323.74,435.7,323.74,1.0,1
16.33,9.0,2682.34,360.36,298.04,2.0,0
98.77,2.0,709.66,434.18,354.83,0.0,1
18.06,10.0,3563.27,377.16,356.33,7.0,0
222.67,3.0,900.96,372.46,300.32,2.0,1
42.48,1.0,108.53,293.49,108.53,0.0,1
180.4,2.0,691.14,421.63,345.57,0.0,1
27.31,10.0,419.35,391.71,41.94,3.0,0
184.33,1.0,220.59,408.27,220.59,1.0,1
154.07,2.0,438.45,270.69,219.22,2.0,1
19.04,7.0,2545.91,406.3,363.7,4.0,0
171.01,0.0,0.0,572.53,0.0,1.0,1
17.86,6.0,2343.8,401.7,390.63,1.0,0
204.11,2.0,867.95,298.87,433.98,0.0,1
73.1,8.0,3564.19,556.11,445.52,4.0,0
190.92,3.0,1368.97,217.81,456.32,1.0,1
10.97,7.0,2615.43,504.44,373.63,5.0,0
47.15,3.0,1258.83,673.25,419.61,1.0,0
32.48,9.0,2195.74,301.27,243.97,4.0,0
46.04,13.0,5304.91,107.13,408.07,2.0,0
170.17,3.0,799.78,196.58,266.59,1.0,1
35.19,8.0,2767.1,196.28,345.89,5.0,0
35.85,9.0,3623.4,309.01,402.6,2.0,0
119.75,1.0,206.18,195.93,206.18,0.0,1
55.19,7.0,1372.23,381.15,196.03,2.0,0
54.73,7.0,1812.33,487.89,258.9,5.0,0
13.77,8.0,2587.7,118.53,323.46,3.0,0
143.33,0.0,0.0,705.59,0.0,3.0,1
142.89,1.0,147.05,438.68,147.05,1.0,1
79.73,5.0,1995.58,269.72,399.12,3.0,0
121.84,1.0,187.55,720.86,187.55,1.0,1
1.43,17.0,6366.87,195.3,374.52,1.0,0
4.38,10.0,2616.23,349.43,261.62,2.0,0
219.52,3.0,1079.59,600.56,359.86,3.0,1
8.07,22.0,2340.24,307.63,106.37,7.0,0
48.93,0.0,0.0,640.46,0.0,1.0,1
36.04,10.0,3537.52,321.99,353.75,2.0,0
123.33,1.0,215.84,174.3,215.84,1.0,1
38.68,5.0,1362.12,370.36,272.42,7.0,0
47.92,11.0,3920.39,726.72,356.4,2.0,0
173.99,0.0,0.0,424.75,0.0,1.0,1
0.0,12.0,5036.59,30.0,419.72,6.0,0
14.03,8.0,2296.62,147.58,287.08,4.0,0
0.0,10.0,1726.77,283.47,172.68,5.0,0
59.24,8.0,2868.86,423.13,358.61,3.0,0
111.08,3.0,922.49,311.77,307.5,2.0,1
42.25,8.0,2063.81,447.93,257.98,7.0,0
65.71,2.0,454.35,297.26,227.18,1.0,1
30.32,4.0,728.3,97.03,182.07,2.0,1
148.61,0.0,0.0,172.81,0.0,0.0,1
50.71,11.0,4168.01,523.76,378.91,4.0,0
130.3,6.0,1054.49,402.26,175.75,0.0,1
23.87,9.0,2983.2,530.98,331.47,6.0,0
14.34,10.0,3941.46,393.58,394.15,2.0,0
29.15,12.0,1773.03,301.23,147.75,3.0,0
47.16,3.0,1153.14,47.16,384.38,1.0,1
35.85,6.0,1269.96,373.44,211.66,4.0,0
28.73,7.0,1980.65,430.77,282.95,7.0,0
94.75,1.0,354.75,430.78,354.75,0.0,1
95.2,0.0,0.0,558.9,0.0,1.0,1
11.49,5.0,1394.18,441.77,278.84,4.0,0
28.09,4.0,1195.95,316.39,298.99,6.0,0
93.96,1.0,172.46,422.85,172.46,1.0,1
33.13,8.0,3251.26,674.01,406.41,2.0,0
116.72,1.0,193.37,419.91,193.37,1.0,1
4.2,6.0,1642.85,487.72,273.81,6.0,0
5.59,11.0,3304.29,182.71,300.39,0.0,0
12.27,9.0,1474.43,349.54,163.83,3.0,0
71.99,3.0,999.8,502.96,333.27,7.0,0
186.47,0.0,0.0,253.71,0.0,2.0,1
31.63,3.0,664.25,517.81,221.42,5.0,0
35.18,9.0,2022.63,403.37,224.74,4.0,0
10.14,11.0,3554.99,567.11,323.18,8.0,0
168.12,0.0,0.0,458.37,0.0,1.0,1
13.88,10.0,2629.28,471.02,262.93,4.0,0
31.85,15.0,6407.63,353.25,427.18,6.0,0
59.77,8.0,2743.7,269.86,342.96,6.0,0
122.15,0.0,0.0,286.05,0.0,0.0,1
9.42,15.0,3326.78,164.65,221.79,4.0,0
124.45,2.0,323.21,255.85,161.6,2.0,1
0.68,10.0,3767.82,455.6,376.78,5.0,0
60.48,1.0,402.89,60.48,402.89,1.0,1
258.18,1.0,287.95,596.98,287.95,0.0,1
15.67,6.0,2499.92,483.62,416.65,3.0,0
35.61,4.0,1488.87,35.61,372.22,1.0,1
1.11,5.0,1378.01,147.59,275.6,2.0,0
75.75,4.0,1195.58,455.4,298.89,1.0,0
45.19,3.0,642.84,250.94,214.28,2.0,1
0.0,10.0,3742.79,386.98,374.28,2.0,0
13.09,10.0,3889.91,302.12,388.99,3.0,0
124.69,1.0,446.13,507.75,446.13,2.0,1
121.55,1.0,347.92,121.55,347.92,0.0,1
161.92,1.0,315.89,205.78,315.89,0.0,1
81.45,11.0,4063.98,429.37,369.45,2.0,0
53.9,0.0,0.0,118.64,0.0,0.0,1
171.75,0.0,0.0,291.19,0.0,0.0,1
110.24,2.0,393.64,388.07,196.82,1.0,1
139.19,1.0,318.42,246.56,318.42,1.0,1
110.73,2.0,549.01,481.03,274.5,1.0,1
39.0,2.0,679.71,270.27,339.86,0.0,0
18.06,13.0,5285.61,340.63,406.59,7.0,0
18.51,14.0,5050.77,237.04,360.77,3.0,0
40.32,11.0,1491.04,484.15,135.55,8.0,0
10.79,6.0,2465.44,519.49,410.91,4.0,0
181.21,1.0,347.95,450.12,347.95,0.0,1
129.42,4.0,493.17,246.77,123.29,0.0,1
46.02,8.0,3941.53,327.21,492.69,5.0,0
39.75,7.0,2121.76,620.92,303.11,6.0,0
43.62,6.0,1547.82,701.04,257.97,3.0,0
26.71,7.0,3652.27,243.69,521.75,5.0,0
55.7,8.0,1911.82,404.82,238.98,7.0,0
10.71,8.0,1410.78,619.72,176.35,4.0,0
127.54,1.0,277.7,432.59,277.7,0.0,1
0.0,5.0,1506.5,402.11,301.3,4.0,0
39.41,7.0,608.84,237.06,86.98,2.0,0
23.84,11.0,2679.03,656.44,243.55,5.0,0
130.92,3.0,1296.52,212.09,432.17,2.0,1
71.2,1.0,301.81,137.95,301.81,0.0,1
135.38,0.0,0.0,229.42,0.0,0.0,1
166.52,1.0,296.0,241.62,296.0,1.0,1
89.62,0.0,0.0,488.5,0.0,0.0,1
22.62,8.0,2313.85,510.81,289.23,10.0,0
39.5,11.0,3496.52,435.61,317.87,6.0,0
161.65,3.0,1277.71,206.47,425.9,0.0,1
115.34,2.0,585.44,413.89,292.72,1.0,1
51.94,11.0,1969.11,266.01,179.01,7.0,0
62.9,4.0,1670.9,205.4,417.73,5.0,0
193.85,2.0,1222.85,408.37,611.42,2.0,1
29.64,7.0,1994.87,491.09,284.98,6.0,0
62.95,7.0,3045.62,588.26,435.09,4.0,0
126.88,1.0,332.55,196.75,332.55,0.0,1
32.4,9.0,3189.36,536.06,354.37,5.0,0
23.45,7.0,1530.25,409.81,218.61,7.0,0
161.66,5.0,1123.33,359.71,224.67,2.0,1
20.07,12.0,2100.96,373.49,175.08,1.0,0
54.55,7.0,1805.96,400.42,257.99,4.0,0
123.73,2.0,515.96,559.83,257.98,2.0,1
142.23,1.0,191.18,433.43,191.18,2.0,1
21.81,8.0,1872.87,284.29,234.11,6.0,0
24.41,6.0,2138.53,228.05,356.42,4.0,0
0.0,7.0,1990.96,218.4,284.42,3.0,0
7.27,7.0,2937.17,178.77,419.6,4.0,0
164.56,1.0,329.88,512.76,329.88,2.0,1
44.63,15.0,4047.01,370.27,269.8,3.0,0
51.75,13.0,2795.25,327.42,215.02,2.0,0
43.88,4.0,1763.61,304.45,440.9,4.0,0
159.46,1.0,263.47,213.93,263.47,1.0,1
37.34,7.0,1458.32,269.51,208.33,3.0,0
169.59,2.0,569.5,265.81,284.75,2.0,1
23.56,10.0,3187.01,374.41,318.7,6.0,0
21.12,11.0,4000.91,520.05,363.72,2.0,0
162.15,1.0,163.39,579.38,163.39,0.0,1
30.1,7.0,3065.03,380.15,437.86,4.0,0
11.51,8.0,1563.25,239.1,195.41,5.0,0
112.55,2.0,493.29,112.55,246.65,1.0,1
26.09,6.0,1048.58,282.14,174.76,3.0,0
40.61,8.0,1792.04,373.67,224.0,7.0,0
16.21,5.0,938.3,315.54,187.66,5.0,0
30.54,9.0,3291.49,504.57,365.72,4.0,0
23.79,9.0,3752.15,372.84,416.91,4.0,0
53.63,0.0,0.0,350.58,0.0,2.0,1
96.75,0.0,0.0,564.75,0.0,0.0,1
184.83,1.0,273.86,574.45,273.86,0.0,1
35.66,10.0,3104.13,413.22,310.41,6.0,0
35.49,8.0,2618.3,434.98,327.29,4.0,0
12.68,8.0,1588.43,364.16,198.55,2.0,0
17.54,10.0,2540.43,629.42,254.04,4.0,0
74.35,1.0,257.48,369.68,257.48,1.0,1
153.99,0.0,0.0,437.14,0.0,2.0,1
147.85,0.0,0.0,268.48,0.0,2.0,1
273.5,2.0,215.49,287.18,107.75,1.0,1
197.9,2.0,868.63,587.81,434.31,1.0,1
35.4,11.0,3494.82,327.7,317.71,4.0,0
47.8,8.0,2927.94,405.58,365.99,3.0,0
77.35,3.0,1305.93,326.03,435.31,3.0,1
167.69,3.0,963.68,774.4,321.23,1.0,1
127.72,2.0,547.88,170.29,273.94,0.0,1
65.84,2.0,561.47,416.9,280.74,1.0,1
107.42,1.0,327.35,432.71,327.35,1.0,1
42.91,8.0,3134.8,469.91,391.85,2.0,0
5.81,6.0,1050.69,375.52,175.12,3.0,0
44.08,7.0,477.71,223.32,68.24,7.0,0
40.46,7.0,2606.1,719.2,372.3,4.0,0
36.08,11.0,2603.29,458.62,236.66,7.0,0
